Date;1A, 0.90;1A, 0.95;1A, 0.97;2A, 0.90;2A, 0.95;2A, 0.97;3A, 0.90;3A, 0.95;3A, 0.97;3B, 0.90;3B, 0.95;3B, 0.97;4A, 0.90;4A, 0.95;4A, 0.97;4B, 0.90;4B, 0.95;4B, 0.97;5A, 0.90;5A, 0.95;5A, 0.97;5B, 0.90;5B, 0.95;5B, 0.97;6A, 0.90;6A, 0.95;6A, 0.97;6B, 0.90;6B, 0.95;6B, 0.97;6C, 0.90;6C, 0.95;6C, 0.97;7A, 0.90;7A, 0.95;7A, 0.97
1/1/2025;17.8;14.01;12.55;19.93;14.97;13.36;14.59;12.94;12.73;14.46;12.45;11.93;14.59;12.58;12.11;13.89;11.85;11.52;20.009;15.833;14.31;17.74;15.298;13.969;18.545;14.865;13.595;17.49;14.105;12.87;16.01810526;12.89105263;11.80368421;15.434;13.91;13.413
1/2/2025;17.8;14.01;12.55;19.93;14.97;13.36;14.59;12.94;12.73;14.46;12.45;11.93;14.59;12.58;12.11;13.89;11.85;11.52;20.009;15.833;14.31;17.74;15.298;13.969;18.545;14.865;13.595;17.49;14.105;12.87;16.01810526;12.89105263;11.80368421;15.434;13.91;13.413
1/3/2025;17.8;14.01;12.55;19.93;14.97;13.36;14.59;12.94;12.73;14.46;12.45;11.93;14.59;12.58;12.11;13.89;11.85;11.52;20.009;15.833;14.31;17.74;15.298;13.969;18.545;14.865;13.595;17.49;14.105;12.87;16.01810526;12.89105263;11.80368421;15.434;13.91;13.413
1/4/2025;17.8;14.01;12.55;19.93;14.97;13.36;14.59;12.94;12.73;14.46;12.45;11.93;14.59;12.58;12.11;13.89;11.85;11.52;20.009;15.833;14.31;17.74;15.298;13.969;18.545;14.865;13.595;17.49;14.105;12.87;16.01810526;12.89105263;11.80368421;15.434;13.91;13.413
1/5/2025;17.8;14.01;12.55;19.93;14.97;13.36;14.59;12.94;12.73;14.46;12.45;11.93;14.59;12.58;12.11;13.89;11.85;11.52;20.009;15.833;14.31;17.74;15.298;13.969;18.545;14.865;13.595;17.49;14.105;12.87;16.01810526;12.89105263;11.80368421;15.434;13.91;13.413
1/6/2025;17.8;14.01;12.55;19.93;14.97;13.36;14.59;12.94;12.73;14.46;12.45;11.93;14.59;12.58;12.11;13.89;11.85;11.52;20.009;15.833;14.31;17.74;15.298;13.969;18.545;14.865;13.595;17.49;14.105;12.87;16.01810526;12.89105263;11.80368421;15.434;13.91;13.413
1/7/2025;17.8;14.01;12.55;19.93;14.97;13.36;14.59;12.94;12.73;14.46;12.45;11.93;14.59;12.58;12.11;13.89;11.85;11.52;20.009;15.833;14.31;17.74;15.298;13.969;18.545;14.865;13.595;17.49;14.105;12.87;16.01810526;12.89105263;11.80368421;15.434;13.91;13.413
1/8/2025;17.8;14.01;12.55;19.93;14.97;13.36;14.59;12.94;12.73;14.46;12.45;11.93;14.59;12.58;12.11;13.89;11.85;11.52;20.009;15.833;14.31;17.74;15.298;13.969;18.545;14.865;13.595;17.49;14.105;12.87;16.01810526;12.89105263;11.80368421;15.434;13.91;13.413
1/9/2025;17.8;14.01;12.55;19.93;14.97;13.36;14.59;12.94;12.73;14.46;12.45;11.93;14.59;12.58;12.11;13.89;11.85;11.52;20.009;15.833;14.31;17.74;15.298;13.969;18.545;14.865;13.595;17.49;14.105;12.87;16.01810526;12.89105263;11.80368421;15.434;13.91;13.413
1/10/2025;17.8;14.01;12.55;19.93;14.97;13.36;14.59;12.94;12.73;14.46;12.45;11.93;14.59;12.58;12.11;13.89;11.85;11.52;20.009;15.833;14.31;17.74;15.298;13.969;18.545;14.865;13.595;17.49;14.105;12.87;16.01810526;12.89105263;11.80368421;15.434;13.91;13.413
1/11/2025;17.8;14.01;12.55;19.93;14.97;13.36;14.59;12.94;12.73;14.46;12.45;11.93;14.59;12.58;12.11;13.89;11.85;11.52;20.009;15.833;14.31;17.74;15.298;13.969;18.545;14.865;13.595;17.49;14.105;12.87;16.01810526;12.89105263;11.80368421;15.434;13.91;13.413
1/12/2025;17.8;14.01;12.55;19.93;14.97;13.36;14.59;12.94;12.73;14.46;12.45;11.93;14.59;12.58;12.11;13.89;11.85;11.52;20.009;15.833;14.31;17.74;15.298;13.969;18.545;14.865;13.595;17.49;14.105;12.87;16.01810526;12.89105263;11.80368421;15.434;13.91;13.413
1/1/2026;17.8;14.01;12.55;19.93;14.97;13.36;14.59;12.94;12.73;14.46;12.45;11.93;14.59;12.58;12.11;13.89;11.85;11.52;20.009;15.833;14.31;17.74;15.298;13.969;18.545;14.865;13.595;17.49;14.105;12.87;16.01810526;12.89105263;11.80368421;15.434;13.91;13.413
1/2/2026;17.8;14.01;12.55;19.93;14.97;13.36;14.59;12.94;12.73;14.46;12.45;11.93;14.59;12.58;12.11;13.89;11.85;11.52;20.009;15.833;14.31;17.74;15.298;13.969;18.545;14.865;13.595;17.49;14.105;12.87;16.01810526;12.89105263;11.80368421;15.434;13.91;13.413
1/3/2026;17.8;14.01;12.55;19.93;14.97;13.36;14.59;12.94;12.73;14.46;12.45;11.93;14.59;12.58;12.11;13.89;11.85;11.52;20.009;15.833;14.31;17.74;15.298;13.969;18.545;14.865;13.595;17.49;14.105;12.87;16.01810526;12.89105263;11.80368421;15.434;13.91;13.413
1/4/2026;17.8;14.01;12.55;19.93;14.97;13.36;14.59;12.94;12.73;14.46;12.45;11.93;14.59;12.58;12.11;13.89;11.85;11.52;20.009;15.833;14.31;17.74;15.298;13.969;18.545;14.865;13.595;17.49;14.105;12.87;16.01810526;12.89105263;11.80368421;15.434;13.91;13.413
1/5/2026;17.8;14.01;12.55;19.93;14.97;13.36;14.59;12.94;12.73;14.46;12.45;11.93;14.59;12.58;12.11;13.89;11.85;11.52;20.009;15.833;14.31;17.74;15.298;13.969;18.545;14.865;13.595;17.49;14.105;12.87;16.01810526;12.89105263;11.80368421;15.434;13.91;13.413
1/6/2026;17.8;14.01;12.55;19.93;14.97;13.36;14.59;12.94;12.73;14.46;12.45;11.93;14.59;12.58;12.11;13.89;11.85;11.52;20.009;15.833;14.31;17.74;15.298;13.969;18.545;14.865;13.595;17.49;14.105;12.87;16.01810526;12.89105263;11.80368421;15.434;13.91;13.413
1/7/2026;17.8;14.01;12.55;19.93;14.97;13.36;14.59;12.94;12.73;14.46;12.45;11.93;14.59;12.58;12.11;13.89;11.85;11.52;20.009;15.833;14.31;17.74;15.298;13.969;18.545;14.865;13.595;17.49;14.105;12.87;16.01810526;12.89105263;11.80368421;15.434;13.91;13.413
1/8/2026;17.8;14.01;12.55;19.93;14.97;13.36;14.59;12.94;12.73;14.46;12.45;11.93;14.59;12.58;12.11;13.89;11.85;11.52;20.009;15.833;14.31;17.74;15.298;13.969;18.545;14.865;13.595;17.49;14.105;12.87;16.01810526;12.89105263;11.80368421;15.434;13.91;13.413
1/9/2026;17.8;14.01;12.55;19.93;14.97;13.36;14.59;12.94;12.73;14.46;12.45;11.93;14.59;12.58;12.11;13.89;11.85;11.52;20.009;15.833;14.31;17.74;15.298;13.969;18.545;14.865;13.595;17.49;14.105;12.87;16.01810526;12.89105263;11.80368421;15.434;13.91;13.413
1/10/2026;17.8;14.01;12.55;19.93;14.97;13.36;14.59;12.94;12.73;14.46;12.45;11.93;14.59;12.58;12.11;13.89;11.85;11.52;20.009;15.833;14.31;17.74;15.298;13.969;18.545;14.865;13.595;17.49;14.105;12.87;16.01810526;12.89105263;11.80368421;15.434;13.91;13.413
1/11/2026;17.8;14.01;12.55;19.93;14.97;13.36;14.59;12.94;12.73;14.46;12.45;11.93;14.59;12.58;12.11;13.89;11.85;11.52;20.009;15.833;14.31;17.74;15.298;13.969;18.545;14.865;13.595;17.49;14.105;12.87;16.01810526;12.89105263;11.80368421;15.434;13.91;13.413
1/12/2026;17.8;14.01;12.55;19.93;14.97;13.36;14.59;12.94;12.73;14.46;12.45;11.93;14.59;12.58;12.11;13.89;11.85;11.52;20.009;15.833;14.31;17.74;15.298;13.969;18.545;14.865;13.595;17.49;14.105;12.87;16.01810526;12.89105263;11.80368421;15.434;13.91;13.413
1/1/2027;17.8;14.01;12.55;19.93;14.97;13.36;14.59;12.94;12.73;14.46;12.45;11.93;14.59;12.58;12.11;13.89;11.85;11.52;20.009;15.833;14.31;17.74;15.298;13.969;18.545;14.865;13.595;17.49;14.105;12.87;16.01810526;12.89105263;11.80368421;15.434;13.91;13.413
1/2/2027;17.8;14.01;12.55;19.93;14.97;13.36;14.59;12.94;12.73;14.46;12.45;11.93;14.59;12.58;12.11;13.89;11.85;11.52;20.009;15.833;14.31;17.74;15.298;13.969;18.545;14.865;13.595;17.49;14.105;12.87;16.01810526;12.89105263;11.80368421;15.434;13.91;13.413
1/3/2027;17.8;14.01;12.55;19.93;14.97;13.36;14.59;12.94;12.73;14.46;12.45;11.93;14.59;12.58;12.11;13.89;11.85;11.52;20.009;15.833;14.31;17.74;15.298;13.969;18.545;14.865;13.595;17.49;14.105;12.87;16.01810526;12.89105263;11.80368421;15.434;13.91;13.413
1/4/2027;17.8;14.01;12.55;19.93;14.97;13.36;14.59;12.94;12.73;14.46;12.45;11.93;14.59;12.58;12.11;13.89;11.85;11.52;20.009;15.833;14.31;17.74;15.298;13.969;18.545;14.865;13.595;17.49;14.105;12.87;16.01810526;12.89105263;11.80368421;15.434;13.91;13.413
1/5/2027;17.8;14.01;12.55;19.93;14.97;13.36;14.59;12.94;12.73;14.46;12.45;11.93;14.59;12.58;12.11;13.89;11.85;11.52;20.009;15.833;14.31;17.74;15.298;13.969;18.545;14.865;13.595;17.49;14.105;12.87;16.01810526;12.89105263;11.80368421;15.434;13.91;13.413
1/6/2027;17.8;14.01;12.55;19.93;14.97;13.36;14.59;12.94;12.73;14.46;12.45;11.93;14.59;12.58;12.11;13.89;11.85;11.52;20.009;15.833;14.31;17.74;15.298;13.969;18.545;14.865;13.595;17.49;14.105;12.87;16.01810526;12.89105263;11.80368421;15.434;13.91;13.413
1/7/2027;17.8;14.01;12.55;19.93;14.97;13.36;14.59;12.94;12.73;14.46;12.45;11.93;14.59;12.58;12.11;13.89;11.85;11.52;20.009;15.833;14.31;17.74;15.298;13.969;18.545;14.865;13.595;17.49;14.105;12.87;16.01810526;12.89105263;11.80368421;15.434;13.91;13.413
1/8/2027;17.8;14.01;12.55;19.93;14.97;13.36;14.59;12.94;12.73;14.46;12.45;11.93;14.59;12.58;12.11;13.89;11.85;11.52;20.009;15.833;14.31;17.74;15.298;13.969;18.545;14.865;13.595;17.49;14.105;12.87;16.01810526;12.89105263;11.80368421;15.434;13.91;13.413
1/9/2027;17.8;14.01;12.55;19.93;14.97;13.36;14.59;12.94;12.73;14.46;12.45;11.93;14.59;12.58;12.11;13.89;11.85;11.52;20.009;15.833;14.31;17.74;15.298;13.969;18.545;14.865;13.595;17.49;14.105;12.87;16.01810526;12.89105263;11.80368421;15.434;13.91;13.413
1/10/2027;17.8;14.01;12.55;19.93;14.97;13.36;14.59;12.94;12.73;14.46;12.45;11.93;14.59;12.58;12.11;13.89;11.85;11.52;20.009;15.833;14.31;17.74;15.298;13.969;18.545;14.865;13.595;17.49;14.105;12.87;16.01810526;12.89105263;11.80368421;15.434;13.91;13.413
1/11/2027;17.8;14.01;12.55;19.93;14.97;13.36;14.59;12.94;12.73;14.46;12.45;11.93;14.59;12.58;12.11;13.89;11.85;11.52;20.009;15.833;14.31;17.74;15.298;13.969;18.545;14.865;13.595;17.49;14.105;12.87;16.01810526;12.89105263;11.80368421;15.434;13.91;13.413
1/12/2027;17.8;14.01;12.55;19.93;14.97;13.36;14.59;12.94;12.73;14.46;12.45;11.93;14.59;12.58;12.11;13.89;11.85;11.52;20.009;15.833;14.31;17.74;15.298;13.969;18.545;14.865;13.595;17.49;14.105;12.87;16.01810526;12.89105263;11.80368421;15.434;13.91;13.413
1/1/2028;20.19;16.18;14.64;19.93;14.97;13.36;14.59;12.94;12.73;14.46;12.45;11.93;14.59;12.58;12.11;13.89;11.85;11.52;20.009;15.833;14.31;17.74;15.298;13.969;18.545;14.865;13.595;17.49;14.105;12.87;16.01810526;12.89105263;11.80368421;15.434;13.91;13.413
1/2/2028;20.19;16.18;14.64;19.93;14.97;13.36;14.59;12.94;12.73;14.46;12.45;11.93;14.59;12.58;12.11;13.89;11.85;11.52;20.009;15.833;14.31;17.74;15.298;13.969;18.545;14.865;13.595;17.49;14.105;12.87;16.01810526;12.89105263;11.80368421;15.434;13.91;13.413
1/3/2028;20.19;16.18;14.64;19.93;14.97;13.36;14.59;12.94;12.73;14.46;12.45;11.93;14.59;12.58;12.11;13.89;11.85;11.52;20.009;15.833;14.31;17.74;15.298;13.969;18.545;14.865;13.595;17.49;14.105;12.87;16.01810526;12.89105263;11.80368421;15.434;13.91;13.413
1/4/2028;20.19;16.18;14.64;19.93;14.97;13.36;14.59;12.94;12.73;14.46;12.45;11.93;14.59;12.58;12.11;13.89;11.85;11.52;20.009;15.833;14.31;17.74;15.298;13.969;18.545;14.865;13.595;17.49;14.105;12.87;16.01810526;12.89105263;11.80368421;15.434;13.91;13.413
1/5/2028;20.19;16.18;14.64;19.93;14.97;13.36;14.59;12.94;12.73;14.46;12.45;11.93;14.59;12.58;12.11;13.89;11.85;11.52;20.009;15.833;14.31;17.74;15.298;13.969;18.545;14.865;13.595;17.49;14.105;12.87;16.01810526;12.89105263;11.80368421;15.434;13.91;13.413
1/6/2028;20.19;16.18;14.64;19.93;14.97;13.36;14.59;12.94;12.73;14.46;12.45;11.93;14.59;12.58;12.11;13.89;11.85;11.52;20.009;15.833;14.31;17.74;15.298;13.969;18.545;14.865;13.595;17.49;14.105;12.87;16.01810526;12.89105263;11.80368421;15.434;13.91;13.413
1/7/2028;20.19;16.18;14.64;19.93;14.97;13.36;14.59;12.94;12.73;14.46;12.45;11.93;14.59;12.58;12.11;13.89;11.85;11.52;20.009;15.833;14.31;17.74;15.298;13.969;18.545;14.865;13.595;17.49;14.105;12.87;16.01810526;12.89105263;11.80368421;15.434;13.91;13.413
1/8/2028;20.19;16.18;14.64;19.93;14.97;13.36;14.59;12.94;12.73;14.46;12.45;11.93;14.59;12.58;12.11;13.89;11.85;11.52;20.009;15.833;14.31;17.74;15.298;13.969;18.545;14.865;13.595;17.49;14.105;12.87;16.01810526;12.89105263;11.80368421;15.434;13.91;13.413
1/9/2028;20.19;16.18;14.64;19.93;14.97;13.36;14.59;12.94;12.73;14.46;12.45;11.93;14.59;12.58;12.11;13.89;11.85;11.52;20.009;15.833;14.31;17.74;15.298;13.969;18.545;14.865;13.595;17.49;14.105;12.87;16.01810526;12.89105263;11.80368421;15.434;13.91;13.413
1/10/2028;20.19;16.18;14.64;19.93;14.97;13.36;14.59;12.94;12.73;14.46;12.45;11.93;14.59;12.58;12.11;13.89;11.85;11.52;20.009;15.833;14.31;17.74;15.298;13.969;18.545;14.865;13.595;17.49;14.105;12.87;16.01810526;12.89105263;11.80368421;15.434;13.91;13.413
1/11/2028;20.19;16.18;14.64;19.93;14.97;13.36;14.59;12.94;12.73;14.46;12.45;11.93;14.59;12.58;12.11;13.89;11.85;11.52;20.009;15.833;14.31;17.74;15.298;13.969;18.545;14.865;13.595;17.49;14.105;12.87;16.01810526;12.89105263;11.80368421;15.434;13.91;13.413
1/12/2028;20.19;16.18;14.64;19.93;14.97;13.36;14.59;12.94;12.73;14.46;12.45;11.93;14.59;12.58;12.11;13.89;11.85;11.52;20.009;15.833;14.31;17.74;15.298;13.969;18.545;14.865;13.595;17.49;14.105;12.87;16.01810526;12.89105263;11.80368421;15.434;13.91;13.413
1/1/2029;20.19;16.18;14.64;19.93;14.97;13.36;14.59;12.94;12.73;14.46;12.45;11.93;14.59;12.58;12.11;13.89;11.85;11.52;20.009;15.833;14.31;17.74;15.298;13.969;18.545;14.865;13.595;17.49;14.105;12.87;16.01810526;12.89105263;11.80368421;15.434;13.91;13.413
1/2/2029;20.19;16.18;14.64;19.93;14.97;13.36;14.59;12.94;12.73;14.46;12.45;11.93;14.59;12.58;12.11;13.89;11.85;11.52;20.009;15.833;14.31;17.74;15.298;13.969;18.545;14.865;13.595;17.49;14.105;12.87;16.01810526;12.89105263;11.80368421;15.434;13.91;13.413
1/3/2029;20.19;16.18;14.64;19.93;14.97;13.36;14.59;12.94;12.73;14.46;12.45;11.93;14.59;12.58;12.11;13.89;11.85;11.52;20.009;15.833;14.31;17.74;15.298;13.969;18.545;14.865;13.595;17.49;14.105;12.87;16.01810526;12.89105263;11.80368421;15.434;13.91;13.413
1/4/2029;20.19;16.18;14.64;19.93;14.97;13.36;14.59;12.94;12.73;14.46;12.45;11.93;14.59;12.58;12.11;13.89;11.85;11.52;20.009;15.833;14.31;17.74;15.298;13.969;18.545;14.865;13.595;17.49;14.105;12.87;16.01810526;12.89105263;11.80368421;15.434;13.91;13.413
1/5/2029;20.19;16.18;14.64;19.93;14.97;13.36;14.59;12.94;12.73;14.46;12.45;11.93;14.59;12.58;12.11;13.89;11.85;11.52;20.009;15.833;14.31;17.74;15.298;13.969;18.545;14.865;13.595;17.49;14.105;12.87;16.01810526;12.89105263;11.80368421;15.434;13.91;13.413
1/6/2029;20.19;16.18;14.64;19.93;14.97;13.36;14.59;12.94;12.73;14.46;12.45;11.93;14.59;12.58;12.11;13.89;11.85;11.52;20.009;15.833;14.31;17.74;15.298;13.969;18.545;14.865;13.595;17.49;14.105;12.87;16.01810526;12.89105263;11.80368421;15.434;13.91;13.413
1/7/2029;20.19;16.18;14.64;19.93;14.97;13.36;14.59;12.94;12.73;14.46;12.45;11.93;14.59;12.58;12.11;13.89;11.85;11.52;20.009;15.833;14.31;17.74;15.298;13.969;18.545;14.865;13.595;17.49;14.105;12.87;16.01810526;12.89105263;11.80368421;15.434;13.91;13.413
1/8/2029;20.19;16.18;14.64;19.93;14.97;13.36;14.59;12.94;12.73;14.46;12.45;11.93;14.59;12.58;12.11;13.89;11.85;11.52;20.009;15.833;14.31;17.74;15.298;13.969;18.545;14.865;13.595;17.49;14.105;12.87;16.01810526;12.89105263;11.80368421;15.434;13.91;13.413
1/9/2029;20.19;16.18;14.64;19.93;14.97;13.36;14.59;12.94;12.73;14.46;12.45;11.93;14.59;12.58;12.11;13.89;11.85;11.52;20.009;15.833;14.31;17.74;15.298;13.969;18.545;14.865;13.595;17.49;14.105;12.87;16.01810526;12.89105263;11.80368421;15.434;13.91;13.413
1/10/2029;20.19;16.18;14.64;19.93;14.97;13.36;14.59;12.94;12.73;14.46;12.45;11.93;14.59;12.58;12.11;13.89;11.85;11.52;20.009;15.833;14.31;17.74;15.298;13.969;18.545;14.865;13.595;17.49;14.105;12.87;16.01810526;12.89105263;11.80368421;15.434;13.91;13.413
1/11/2029;20.19;16.18;14.64;19.93;14.97;13.36;14.59;12.94;12.73;14.46;12.45;11.93;14.59;12.58;12.11;13.89;11.85;11.52;20.009;15.833;14.31;17.74;15.298;13.969;18.545;14.865;13.595;17.49;14.105;12.87;16.01810526;12.89105263;11.80368421;15.434;13.91;13.413
1/12/2029;20.19;16.18;14.64;19.93;14.97;13.36;14.59;12.94;12.73;14.46;12.45;11.93;14.59;12.58;12.11;13.89;11.85;11.52;20.009;15.833;14.31;17.74;15.298;13.969;18.545;14.865;13.595;17.49;14.105;12.87;16.01810526;12.89105263;11.80368421;15.434;13.91;13.413
1/1/2030;20.19;16.18;14.64;19.93;14.97;13.36;14.59;12.94;12.73;14.46;12.45;11.93;14.59;12.58;12.11;13.89;11.85;11.52;20.009;15.833;14.31;17.74;15.298;13.969;18.545;14.865;13.595;17.49;14.105;12.87;16.01810526;12.89105263;11.80368421;15.434;13.91;13.413
1/2/2030;20.19;16.18;14.64;19.93;14.97;13.36;14.59;12.94;12.73;14.46;12.45;11.93;14.59;12.58;12.11;13.89;11.85;11.52;20.009;15.833;14.31;17.74;15.298;13.969;18.545;14.865;13.595;17.49;14.105;12.87;16.01810526;12.89105263;11.80368421;15.434;13.91;13.413
1/3/2030;20.19;16.18;14.64;19.93;14.97;13.36;14.59;12.94;12.73;14.46;12.45;11.93;14.59;12.58;12.11;13.89;11.85;11.52;20.009;15.833;14.31;17.74;15.298;13.969;18.545;14.865;13.595;17.49;14.105;12.87;16.01810526;12.89105263;11.80368421;15.434;13.91;13.413
1/4/2030;20.19;16.18;14.64;19.93;14.97;13.36;14.59;12.94;12.73;14.46;12.45;11.93;14.59;12.58;12.11;13.89;11.85;11.52;20.009;15.833;14.31;17.74;15.298;13.969;18.545;14.865;13.595;17.49;14.105;12.87;16.01810526;12.89105263;11.80368421;15.434;13.91;13.413
1/5/2030;20.19;16.18;14.64;19.93;14.97;13.36;14.59;12.94;12.73;14.46;12.45;11.93;14.59;12.58;12.11;13.89;11.85;11.52;20.009;15.833;14.31;17.74;15.298;13.969;18.545;14.865;13.595;17.49;14.105;12.87;16.01810526;12.89105263;11.80368421;15.434;13.91;13.413
1/6/2030;20.19;16.18;14.64;19.93;14.97;13.36;14.59;12.94;12.73;14.46;12.45;11.93;14.59;12.58;12.11;13.89;11.85;11.52;20.009;15.833;14.31;17.74;15.298;13.969;18.545;14.865;13.595;17.49;14.105;12.87;16.01810526;12.89105263;11.80368421;15.434;13.91;13.413
1/7/2030;20.19;16.18;14.64;19.93;14.97;13.36;14.59;12.94;12.73;14.46;12.45;11.93;14.59;12.58;12.11;13.89;11.85;11.52;20.009;15.833;14.31;17.74;15.298;13.969;18.545;14.865;13.595;17.49;14.105;12.87;16.01810526;12.89105263;11.80368421;15.434;13.91;13.413
1/8/2030;20.19;16.18;14.64;19.93;14.97;13.36;14.59;12.94;12.73;14.46;12.45;11.93;14.59;12.58;12.11;13.89;11.85;11.52;20.009;15.833;14.31;17.74;15.298;13.969;18.545;14.865;13.595;17.49;14.105;12.87;16.01810526;12.89105263;11.80368421;15.434;13.91;13.413
1/9/2030;20.19;16.18;14.64;19.93;14.97;13.36;14.59;12.94;12.73;14.46;12.45;11.93;14.59;12.58;12.11;13.89;11.85;11.52;20.009;15.833;14.31;17.74;15.298;13.969;18.545;14.865;13.595;17.49;14.105;12.87;16.01810526;12.89105263;11.80368421;15.434;13.91;13.413
1/10/2030;20.19;16.18;14.64;19.93;14.97;13.36;14.59;12.94;12.73;14.46;12.45;11.93;14.59;12.58;12.11;13.89;11.85;11.52;20.009;15.833;14.31;17.74;15.298;13.969;18.545;14.865;13.595;17.49;14.105;12.87;16.01810526;12.89105263;11.80368421;15.434;13.91;13.413
1/11/2030;20.19;16.18;14.64;19.93;14.97;13.36;14.59;12.94;12.73;14.46;12.45;11.93;14.59;12.58;12.11;13.89;11.85;11.52;20.009;15.833;14.31;17.74;15.298;13.969;18.545;14.865;13.595;17.49;14.105;12.87;16.01810526;12.89105263;11.80368421;15.434;13.91;13.413
1/12/2030;20.19;16.18;14.64;19.93;14.97;13.36;14.59;12.94;12.73;14.46;12.45;11.93;14.59;12.58;12.11;13.89;11.85;11.52;20.009;15.833;14.31;17.74;15.298;13.969;18.545;14.865;13.595;17.49;14.105;12.87;16.01810526;12.89105263;11.80368421;15.434;13.91;13.413
1/1/2031;20.19;16.18;14.64;19.93;14.97;13.36;14.59;12.94;12.73;14.46;12.45;11.93;14.59;12.58;12.11;13.89;11.85;11.52;20.009;15.833;14.31;17.74;15.298;13.969;18.545;14.865;13.595;17.49;14.105;12.87;16.01810526;12.89105263;11.80368421;15.434;13.91;13.413
1/2/2031;20.19;16.18;14.64;19.93;14.97;13.36;14.59;12.94;12.73;14.46;12.45;11.93;14.59;12.58;12.11;13.89;11.85;11.52;20.009;15.833;14.31;17.74;15.298;13.969;18.545;14.865;13.595;17.49;14.105;12.87;16.01810526;12.89105263;11.80368421;15.434;13.91;13.413
1/3/2031;20.19;16.18;14.64;19.93;14.97;13.36;14.59;12.94;12.73;14.46;12.45;11.93;14.59;12.58;12.11;13.89;11.85;11.52;20.009;15.833;14.31;17.74;15.298;13.969;18.545;14.865;13.595;17.49;14.105;12.87;16.01810526;12.89105263;11.80368421;15.434;13.91;13.413
1/4/2031;20.19;16.18;14.64;19.93;14.97;13.36;14.59;12.94;12.73;14.46;12.45;11.93;14.59;12.58;12.11;13.89;11.85;11.52;20.009;15.833;14.31;17.74;15.298;13.969;18.545;14.865;13.595;17.49;14.105;12.87;16.01810526;12.89105263;11.80368421;15.434;13.91;13.413
1/5/2031;20.19;16.18;14.64;19.93;14.97;13.36;14.59;12.94;12.73;14.46;12.45;11.93;14.59;12.58;12.11;13.89;11.85;11.52;20.009;15.833;14.31;17.74;15.298;13.969;18.545;14.865;13.595;17.49;14.105;12.87;16.01810526;12.89105263;11.80368421;15.434;13.91;13.413
1/6/2031;20.19;16.18;14.64;19.93;14.97;13.36;14.59;12.94;12.73;14.46;12.45;11.93;14.59;12.58;12.11;13.89;11.85;11.52;20.009;15.833;14.31;17.74;15.298;13.969;18.545;14.865;13.595;17.49;14.105;12.87;16.01810526;12.89105263;11.80368421;15.434;13.91;13.413
1/7/2031;20.19;16.18;14.64;19.93;14.97;13.36;14.59;12.94;12.73;14.46;12.45;11.93;14.59;12.58;12.11;13.89;11.85;11.52;20.009;15.833;14.31;17.74;15.298;13.969;18.545;14.865;13.595;17.49;14.105;12.87;16.01810526;12.89105263;11.80368421;15.434;13.91;13.413
1/8/2031;20.19;16.18;14.64;19.93;14.97;13.36;14.59;12.94;12.73;14.46;12.45;11.93;14.59;12.58;12.11;13.89;11.85;11.52;20.009;15.833;14.31;17.74;15.298;13.969;18.545;14.865;13.595;17.49;14.105;12.87;16.01810526;12.89105263;11.80368421;15.434;13.91;13.413
1/9/2031;20.19;16.18;14.64;19.93;14.97;13.36;14.59;12.94;12.73;14.46;12.45;11.93;14.59;12.58;12.11;13.89;11.85;11.52;20.009;15.833;14.31;17.74;15.298;13.969;18.545;14.865;13.595;17.49;14.105;12.87;16.01810526;12.89105263;11.80368421;15.434;13.91;13.413
1/10/2031;20.19;16.18;14.64;19.93;14.97;13.36;14.59;12.94;12.73;14.46;12.45;11.93;14.59;12.58;12.11;13.89;11.85;11.52;20.009;15.833;14.31;17.74;15.298;13.969;18.545;14.865;13.595;17.49;14.105;12.87;16.01810526;12.89105263;11.80368421;15.434;13.91;13.413
1/11/2031;20.19;16.18;14.64;19.93;14.97;13.36;14.59;12.94;12.73;14.46;12.45;11.93;14.59;12.58;12.11;13.89;11.85;11.52;20.009;15.833;14.31;17.74;15.298;13.969;18.545;14.865;13.595;17.49;14.105;12.87;16.01810526;12.89105263;11.80368421;15.434;13.91;13.413
1/12/2031;20.19;16.18;14.64;19.93;14.97;13.36;14.59;12.94;12.73;14.46;12.45;11.93;14.59;12.58;12.11;13.89;11.85;11.52;20.009;15.833;14.31;17.74;15.298;13.969;18.545;14.865;13.595;17.49;14.105;12.87;16.01810526;12.89105263;11.80368421;15.434;13.91;13.413
1/1/2032;20.19;16.18;14.64;19.93;14.97;13.36;14.59;12.94;12.73;14.46;12.45;11.93;14.59;12.58;12.11;13.89;11.85;11.52;20.009;15.833;14.31;17.74;15.298;13.969;18.545;14.865;13.595;17.49;14.105;12.87;16.01810526;12.89105263;11.80368421;15.434;13.91;13.413
1/2/2032;20.19;16.18;14.64;19.93;14.97;13.36;14.59;12.94;12.73;14.46;12.45;11.93;14.59;12.58;12.11;13.89;11.85;11.52;20.009;15.833;14.31;17.74;15.298;13.969;18.545;14.865;13.595;17.49;14.105;12.87;16.01810526;12.89105263;11.80368421;15.434;13.91;13.413
1/3/2032;20.19;16.18;14.64;19.93;14.97;13.36;14.59;12.94;12.73;14.46;12.45;11.93;14.59;12.58;12.11;13.89;11.85;11.52;20.009;15.833;14.31;17.74;15.298;13.969;18.545;14.865;13.595;17.49;14.105;12.87;16.01810526;12.89105263;11.80368421;15.434;13.91;13.413
1/4/2032;20.19;16.18;14.64;19.93;14.97;13.36;14.59;12.94;12.73;14.46;12.45;11.93;14.59;12.58;12.11;13.89;11.85;11.52;20.009;15.833;14.31;17.74;15.298;13.969;18.545;14.865;13.595;17.49;14.105;12.87;16.01810526;12.89105263;11.80368421;15.434;13.91;13.413
1/5/2032;20.19;16.18;14.64;19.93;14.97;13.36;14.59;12.94;12.73;14.46;12.45;11.93;14.59;12.58;12.11;13.89;11.85;11.52;20.009;15.833;14.31;17.74;15.298;13.969;18.545;14.865;13.595;17.49;14.105;12.87;16.01810526;12.89105263;11.80368421;15.434;13.91;13.413
1/6/2032;20.19;16.18;14.64;19.93;14.97;13.36;14.59;12.94;12.73;14.46;12.45;11.93;14.59;12.58;12.11;13.89;11.85;11.52;20.009;15.833;14.31;17.74;15.298;13.969;18.545;14.865;13.595;17.49;14.105;12.87;16.01810526;12.89105263;11.80368421;15.434;13.91;13.413
1/7/2032;20.19;16.18;14.64;19.93;14.97;13.36;14.59;12.94;12.73;14.46;12.45;11.93;14.59;12.58;12.11;13.89;11.85;11.52;20.009;15.833;14.31;17.74;15.298;13.969;18.545;14.865;13.595;17.49;14.105;12.87;16.01810526;12.89105263;11.80368421;15.434;13.91;13.413
1/8/2032;20.19;16.18;14.64;19.93;14.97;13.36;14.59;12.94;12.73;14.46;12.45;11.93;14.59;12.58;12.11;13.89;11.85;11.52;20.009;15.833;14.31;17.74;15.298;13.969;18.545;14.865;13.595;17.49;14.105;12.87;16.01810526;12.89105263;11.80368421;15.434;13.91;13.413
1/9/2032;20.19;16.18;14.64;19.93;14.97;13.36;14.59;12.94;12.73;14.46;12.45;11.93;14.59;12.58;12.11;13.89;11.85;11.52;20.009;15.833;14.31;17.74;15.298;13.969;18.545;14.865;13.595;17.49;14.105;12.87;16.01810526;12.89105263;11.80368421;15.434;13.91;13.413
1/10/2032;20.19;16.18;14.64;19.93;14.97;13.36;14.59;12.94;12.73;14.46;12.45;11.93;14.59;12.58;12.11;13.89;11.85;11.52;20.009;15.833;14.31;17.74;15.298;13.969;18.545;14.865;13.595;17.49;14.105;12.87;16.01810526;12.89105263;11.80368421;15.434;13.91;13.413
1/11/2032;20.19;16.18;14.64;19.93;14.97;13.36;14.59;12.94;12.73;14.46;12.45;11.93;14.59;12.58;12.11;13.89;11.85;11.52;20.009;15.833;14.31;17.74;15.298;13.969;18.545;14.865;13.595;17.49;14.105;12.87;16.01810526;12.89105263;11.80368421;15.434;13.91;13.413
1/12/2032;20.19;16.18;14.64;19.93;14.97;13.36;14.59;12.94;12.73;14.46;12.45;11.93;14.59;12.58;12.11;13.89;11.85;11.52;20.009;15.833;14.31;17.74;15.298;13.969;18.545;14.865;13.595;17.49;14.105;12.87;16.01810526;12.89105263;11.80368421;15.434;13.91;13.413
1/1/2033;20.19;16.18;14.64;19.93;14.97;13.36;14.59;12.94;12.73;14.46;12.45;11.93;14.59;12.58;12.11;13.89;11.85;11.52;20.009;15.833;14.31;17.74;15.298;13.969;18.545;14.865;13.595;17.49;14.105;12.87;16.01810526;12.89105263;11.80368421;15.434;13.91;13.413
1/2/2033;20.19;16.18;14.64;19.93;14.97;13.36;14.59;12.94;12.73;14.46;12.45;11.93;14.59;12.58;12.11;13.89;11.85;11.52;20.009;15.833;14.31;17.74;15.298;13.969;18.545;14.865;13.595;17.49;14.105;12.87;16.01810526;12.89105263;11.80368421;15.434;13.91;13.413
1/3/2033;20.19;16.18;14.64;19.93;14.97;13.36;14.59;12.94;12.73;14.46;12.45;11.93;14.59;12.58;12.11;13.89;11.85;11.52;20.009;15.833;14.31;17.74;15.298;13.969;18.545;14.865;13.595;17.49;14.105;12.87;16.01810526;12.89105263;11.80368421;15.434;13.91;13.413
1/4/2033;20.19;16.18;14.64;19.93;14.97;13.36;14.59;12.94;12.73;14.46;12.45;11.93;14.59;12.58;12.11;13.89;11.85;11.52;20.009;15.833;14.31;17.74;15.298;13.969;18.545;14.865;13.595;17.49;14.105;12.87;16.01810526;12.89105263;11.80368421;15.434;13.91;13.413
1/5/2033;20.19;16.18;14.64;19.93;14.97;13.36;14.59;12.94;12.73;14.46;12.45;11.93;14.59;12.58;12.11;13.89;11.85;11.52;20.009;15.833;14.31;17.74;15.298;13.969;18.545;14.865;13.595;17.49;14.105;12.87;16.01810526;12.89105263;11.80368421;15.434;13.91;13.413
1/6/2033;20.19;16.18;14.64;19.93;14.97;13.36;14.59;12.94;12.73;14.46;12.45;11.93;14.59;12.58;12.11;13.89;11.85;11.52;20.009;15.833;14.31;17.74;15.298;13.969;18.545;14.865;13.595;17.49;14.105;12.87;16.01810526;12.89105263;11.80368421;15.434;13.91;13.413
1/7/2033;20.19;16.18;14.64;19.93;14.97;13.36;14.59;12.94;12.73;14.46;12.45;11.93;14.59;12.58;12.11;13.89;11.85;11.52;20.009;15.833;14.31;17.74;15.298;13.969;18.545;14.865;13.595;17.49;14.105;12.87;16.01810526;12.89105263;11.80368421;15.434;13.91;13.413
1/8/2033;20.19;16.18;14.64;19.93;14.97;13.36;14.59;12.94;12.73;14.46;12.45;11.93;14.59;12.58;12.11;13.89;11.85;11.52;20.009;15.833;14.31;17.74;15.298;13.969;18.545;14.865;13.595;17.49;14.105;12.87;16.01810526;12.89105263;11.80368421;15.434;13.91;13.413
1/9/2033;20.19;16.18;14.64;19.93;14.97;13.36;14.59;12.94;12.73;14.46;12.45;11.93;14.59;12.58;12.11;13.89;11.85;11.52;20.009;15.833;14.31;17.74;15.298;13.969;18.545;14.865;13.595;17.49;14.105;12.87;16.01810526;12.89105263;11.80368421;15.434;13.91;13.413
1/10/2033;20.19;16.18;14.64;19.93;14.97;13.36;14.59;12.94;12.73;14.46;12.45;11.93;14.59;12.58;12.11;13.89;11.85;11.52;20.009;15.833;14.31;17.74;15.298;13.969;18.545;14.865;13.595;17.49;14.105;12.87;16.01810526;12.89105263;11.80368421;15.434;13.91;13.413
1/11/2033;20.19;16.18;14.64;19.93;14.97;13.36;14.59;12.94;12.73;14.46;12.45;11.93;14.59;12.58;12.11;13.89;11.85;11.52;20.009;15.833;14.31;17.74;15.298;13.969;18.545;14.865;13.595;17.49;14.105;12.87;16.01810526;12.89105263;11.80368421;15.434;13.91;13.413
1/12/2033;20.19;16.18;14.64;19.93;14.97;13.36;14.59;12.94;12.73;14.46;12.45;11.93;14.59;12.58;12.11;13.89;11.85;11.52;20.009;15.833;14.31;17.74;15.298;13.969;18.545;14.865;13.595;17.49;14.105;12.87;16.01810526;12.89105263;11.80368421;15.434;13.91;13.413
1/1/2034;20.19;16.18;14.64;19.93;14.97;13.36;14.59;12.94;12.73;14.46;12.45;11.93;14.59;12.58;12.11;13.89;11.85;11.52;20.009;15.833;14.31;17.74;15.298;13.969;18.545;14.865;13.595;17.49;14.105;12.87;16.01810526;12.89105263;11.80368421;15.434;13.91;13.413
1/2/2034;20.19;16.18;14.64;19.93;14.97;13.36;14.59;12.94;12.73;14.46;12.45;11.93;14.59;12.58;12.11;13.89;11.85;11.52;20.009;15.833;14.31;17.74;15.298;13.969;18.545;14.865;13.595;17.49;14.105;12.87;16.01810526;12.89105263;11.80368421;15.434;13.91;13.413
1/3/2034;20.19;16.18;14.64;19.93;14.97;13.36;14.59;12.94;12.73;14.46;12.45;11.93;14.59;12.58;12.11;13.89;11.85;11.52;20.009;15.833;14.31;17.74;15.298;13.969;18.545;14.865;13.595;17.49;14.105;12.87;16.01810526;12.89105263;11.80368421;15.434;13.91;13.413
1/4/2034;20.19;16.18;14.64;19.93;14.97;13.36;14.59;12.94;12.73;14.46;12.45;11.93;14.59;12.58;12.11;13.89;11.85;11.52;20.009;15.833;14.31;17.74;15.298;13.969;18.545;14.865;13.595;17.49;14.105;12.87;16.01810526;12.89105263;11.80368421;15.434;13.91;13.413
1/5/2034;20.19;16.18;14.64;19.93;14.97;13.36;14.59;12.94;12.73;14.46;12.45;11.93;14.59;12.58;12.11;13.89;11.85;11.52;20.009;15.833;14.31;17.74;15.298;13.969;18.545;14.865;13.595;17.49;14.105;12.87;16.01810526;12.89105263;11.80368421;15.434;13.91;13.413
1/6/2034;20.19;16.18;14.64;19.93;14.97;13.36;14.59;12.94;12.73;14.46;12.45;11.93;14.59;12.58;12.11;13.89;11.85;11.52;20.009;15.833;14.31;17.74;15.298;13.969;18.545;14.865;13.595;17.49;14.105;12.87;16.01810526;12.89105263;11.80368421;15.434;13.91;13.413
1/7/2034;20.19;16.18;14.64;19.93;14.97;13.36;14.59;12.94;12.73;14.46;12.45;11.93;14.59;12.58;12.11;13.89;11.85;11.52;20.009;15.833;14.31;17.74;15.298;13.969;18.545;14.865;13.595;17.49;14.105;12.87;16.01810526;12.89105263;11.80368421;15.434;13.91;13.413
1/8/2034;20.19;16.18;14.64;19.93;14.97;13.36;14.59;12.94;12.73;14.46;12.45;11.93;14.59;12.58;12.11;13.89;11.85;11.52;20.009;15.833;14.31;17.74;15.298;13.969;18.545;14.865;13.595;17.49;14.105;12.87;16.01810526;12.89105263;11.80368421;15.434;13.91;13.413
1/9/2034;20.19;16.18;14.64;19.93;14.97;13.36;14.59;12.94;12.73;14.46;12.45;11.93;14.59;12.58;12.11;13.89;11.85;11.52;20.009;15.833;14.31;17.74;15.298;13.969;18.545;14.865;13.595;17.49;14.105;12.87;16.01810526;12.89105263;11.80368421;15.434;13.91;13.413
1/10/2034;20.19;16.18;14.64;19.93;14.97;13.36;14.59;12.94;12.73;14.46;12.45;11.93;14.59;12.58;12.11;13.89;11.85;11.52;20.009;15.833;14.31;17.74;15.298;13.969;18.545;14.865;13.595;17.49;14.105;12.87;16.01810526;12.89105263;11.80368421;15.434;13.91;13.413
1/11/2034;20.19;16.18;14.64;19.93;14.97;13.36;14.59;12.94;12.73;14.46;12.45;11.93;14.59;12.58;12.11;13.89;11.85;11.52;20.009;15.833;14.31;17.74;15.298;13.969;18.545;14.865;13.595;17.49;14.105;12.87;16.01810526;12.89105263;11.80368421;15.434;13.91;13.413
1/12/2034;20.19;16.18;14.64;19.93;14.97;13.36;14.59;12.94;12.73;14.46;12.45;11.93;14.59;12.58;12.11;13.89;11.85;11.52;20.009;15.833;14.31;17.74;15.298;13.969;18.545;14.865;13.595;17.49;14.105;12.87;16.01810526;12.89105263;11.80368421;15.434;13.91;13.413
1/1/2035;20.19;16.18;14.64;19.93;14.97;13.36;14.59;12.94;12.73;14.46;12.45;11.93;14.59;12.58;12.11;13.89;11.85;11.52;20.009;15.833;14.31;17.74;15.298;13.969;18.545;14.865;13.595;17.49;14.105;12.87;16.01810526;12.89105263;11.80368421;15.434;13.91;13.413
1/2/2035;20.19;16.18;14.64;19.93;14.97;13.36;14.59;12.94;12.73;14.46;12.45;11.93;14.59;12.58;12.11;13.89;11.85;11.52;20.009;15.833;14.31;17.74;15.298;13.969;18.545;14.865;13.595;17.49;14.105;12.87;16.01810526;12.89105263;11.80368421;15.434;13.91;13.413
1/3/2035;20.19;16.18;14.64;19.93;14.97;13.36;14.59;12.94;12.73;14.46;12.45;11.93;14.59;12.58;12.11;13.89;11.85;11.52;20.009;15.833;14.31;17.74;15.298;13.969;18.545;14.865;13.595;17.49;14.105;12.87;16.01810526;12.89105263;11.80368421;15.434;13.91;13.413
1/4/2035;20.19;16.18;14.64;19.93;14.97;13.36;14.59;12.94;12.73;14.46;12.45;11.93;14.59;12.58;12.11;13.89;11.85;11.52;20.009;15.833;14.31;17.74;15.298;13.969;18.545;14.865;13.595;17.49;14.105;12.87;16.01810526;12.89105263;11.80368421;15.434;13.91;13.413
1/5/2035;20.19;16.18;14.64;19.93;14.97;13.36;14.59;12.94;12.73;14.46;12.45;11.93;14.59;12.58;12.11;13.89;11.85;11.52;20.009;15.833;14.31;17.74;15.298;13.969;18.545;14.865;13.595;17.49;14.105;12.87;16.01810526;12.89105263;11.80368421;15.434;13.91;13.413
1/6/2035;20.19;16.18;14.64;19.93;14.97;13.36;14.59;12.94;12.73;14.46;12.45;11.93;14.59;12.58;12.11;13.89;11.85;11.52;20.009;15.833;14.31;17.74;15.298;13.969;18.545;14.865;13.595;17.49;14.105;12.87;16.01810526;12.89105263;11.80368421;15.434;13.91;13.413
1/7/2035;20.19;16.18;14.64;19.93;14.97;13.36;14.59;12.94;12.73;14.46;12.45;11.93;14.59;12.58;12.11;13.89;11.85;11.52;20.009;15.833;14.31;17.74;15.298;13.969;18.545;14.865;13.595;17.49;14.105;12.87;16.01810526;12.89105263;11.80368421;15.434;13.91;13.413
1/8/2035;20.19;16.18;14.64;19.93;14.97;13.36;14.59;12.94;12.73;14.46;12.45;11.93;14.59;12.58;12.11;13.89;11.85;11.52;20.009;15.833;14.31;17.74;15.298;13.969;18.545;14.865;13.595;17.49;14.105;12.87;16.01810526;12.89105263;11.80368421;15.434;13.91;13.413
1/9/2035;20.19;16.18;14.64;19.93;14.97;13.36;14.59;12.94;12.73;14.46;12.45;11.93;14.59;12.58;12.11;13.89;11.85;11.52;20.009;15.833;14.31;17.74;15.298;13.969;18.545;14.865;13.595;17.49;14.105;12.87;16.01810526;12.89105263;11.80368421;15.434;13.91;13.413
1/10/2035;20.19;16.18;14.64;19.93;14.97;13.36;14.59;12.94;12.73;14.46;12.45;11.93;14.59;12.58;12.11;13.89;11.85;11.52;20.009;15.833;14.31;17.74;15.298;13.969;18.545;14.865;13.595;17.49;14.105;12.87;16.01810526;12.89105263;11.80368421;15.434;13.91;13.413
1/11/2035;20.19;16.18;14.64;19.93;14.97;13.36;14.59;12.94;12.73;14.46;12.45;11.93;14.59;12.58;12.11;13.89;11.85;11.52;20.009;15.833;14.31;17.74;15.298;13.969;18.545;14.865;13.595;17.49;14.105;12.87;16.01810526;12.89105263;11.80368421;15.434;13.91;13.413
1/12/2035;20.19;16.18;14.64;19.93;14.97;13.36;14.59;12.94;12.73;14.46;12.45;11.93;14.59;12.58;12.11;13.89;11.85;11.52;20.009;15.833;14.31;17.74;15.298;13.969;18.545;14.865;13.595;17.49;14.105;12.87;16.01810526;12.89105263;11.80368421;15.434;13.91;13.413
1/1/2036;20.19;16.18;14.64;19.93;14.97;13.36;14.59;12.94;12.73;14.46;12.45;11.93;14.59;12.58;12.11;13.89;11.85;11.52;20.009;15.833;14.31;17.74;15.298;13.969;18.545;14.865;13.595;17.49;14.105;12.87;16.01810526;12.89105263;11.80368421;15.434;13.91;13.413
1/2/2036;20.19;16.18;14.64;19.93;14.97;13.36;14.59;12.94;12.73;14.46;12.45;11.93;14.59;12.58;12.11;13.89;11.85;11.52;20.009;15.833;14.31;17.74;15.298;13.969;18.545;14.865;13.595;17.49;14.105;12.87;16.01810526;12.89105263;11.80368421;15.434;13.91;13.413
1/3/2036;20.19;16.18;14.64;19.93;14.97;13.36;14.59;12.94;12.73;14.46;12.45;11.93;14.59;12.58;12.11;13.89;11.85;11.52;20.009;15.833;14.31;17.74;15.298;13.969;18.545;14.865;13.595;17.49;14.105;12.87;16.01810526;12.89105263;11.80368421;15.434;13.91;13.413
1/4/2036;20.19;16.18;14.64;19.93;14.97;13.36;14.59;12.94;12.73;14.46;12.45;11.93;14.59;12.58;12.11;13.89;11.85;11.52;20.009;15.833;14.31;17.74;15.298;13.969;18.545;14.865;13.595;17.49;14.105;12.87;16.01810526;12.89105263;11.80368421;15.434;13.91;13.413
1/5/2036;20.19;16.18;14.64;19.93;14.97;13.36;14.59;12.94;12.73;14.46;12.45;11.93;14.59;12.58;12.11;13.89;11.85;11.52;20.009;15.833;14.31;17.74;15.298;13.969;18.545;14.865;13.595;17.49;14.105;12.87;16.01810526;12.89105263;11.80368421;15.434;13.91;13.413
1/6/2036;20.19;16.18;14.64;19.93;14.97;13.36;14.59;12.94;12.73;14.46;12.45;11.93;14.59;12.58;12.11;13.89;11.85;11.52;20.009;15.833;14.31;17.74;15.298;13.969;18.545;14.865;13.595;17.49;14.105;12.87;16.01810526;12.89105263;11.80368421;15.434;13.91;13.413
1/7/2036;20.19;16.18;14.64;19.93;14.97;13.36;14.59;12.94;12.73;14.46;12.45;11.93;14.59;12.58;12.11;13.89;11.85;11.52;20.009;15.833;14.31;17.74;15.298;13.969;18.545;14.865;13.595;17.49;14.105;12.87;16.01810526;12.89105263;11.80368421;15.434;13.91;13.413
1/8/2036;20.19;16.18;14.64;19.93;14.97;13.36;14.59;12.94;12.73;14.46;12.45;11.93;14.59;12.58;12.11;13.89;11.85;11.52;20.009;15.833;14.31;17.74;15.298;13.969;18.545;14.865;13.595;17.49;14.105;12.87;16.01810526;12.89105263;11.80368421;15.434;13.91;13.413
1/9/2036;20.19;16.18;14.64;19.93;14.97;13.36;14.59;12.94;12.73;14.46;12.45;11.93;14.59;12.58;12.11;13.89;11.85;11.52;20.009;15.833;14.31;17.74;15.298;13.969;18.545;14.865;13.595;17.49;14.105;12.87;16.01810526;12.89105263;11.80368421;15.434;13.91;13.413
1/10/2036;20.19;16.18;14.64;19.93;14.97;13.36;14.59;12.94;12.73;14.46;12.45;11.93;14.59;12.58;12.11;13.89;11.85;11.52;20.009;15.833;14.31;17.74;15.298;13.969;18.545;14.865;13.595;17.49;14.105;12.87;16.01810526;12.89105263;11.80368421;15.434;13.91;13.413
1/11/2036;20.19;16.18;14.64;19.93;14.97;13.36;14.59;12.94;12.73;14.46;12.45;11.93;14.59;12.58;12.11;13.89;11.85;11.52;20.009;15.833;14.31;17.74;15.298;13.969;18.545;14.865;13.595;17.49;14.105;12.87;16.01810526;12.89105263;11.80368421;15.434;13.91;13.413
1/12/2036;20.19;16.18;14.64;19.93;14.97;13.36;14.59;12.94;12.73;14.46;12.45;11.93;14.59;12.58;12.11;13.89;11.85;11.52;20.009;15.833;14.31;17.74;15.298;13.969;18.545;14.865;13.595;17.49;14.105;12.87;16.01810526;12.89105263;11.80368421;15.434;13.91;13.413
1/1/2037;20.19;16.18;14.64;19.93;14.97;13.36;14.59;12.94;12.73;14.46;12.45;11.93;14.59;12.58;12.11;13.89;11.85;11.52;20.009;15.833;14.31;17.74;15.298;13.969;18.545;14.865;13.595;17.49;14.105;12.87;16.01810526;12.89105263;11.80368421;15.434;13.91;13.413
1/2/2037;20.19;16.18;14.64;19.93;14.97;13.36;14.59;12.94;12.73;14.46;12.45;11.93;14.59;12.58;12.11;13.89;11.85;11.52;20.009;15.833;14.31;17.74;15.298;13.969;18.545;14.865;13.595;17.49;14.105;12.87;16.01810526;12.89105263;11.80368421;15.434;13.91;13.413
1/3/2037;20.19;16.18;14.64;19.93;14.97;13.36;14.59;12.94;12.73;14.46;12.45;11.93;14.59;12.58;12.11;13.89;11.85;11.52;20.009;15.833;14.31;17.74;15.298;13.969;18.545;14.865;13.595;17.49;14.105;12.87;16.01810526;12.89105263;11.80368421;15.434;13.91;13.413
1/4/2037;20.19;16.18;14.64;19.93;14.97;13.36;14.59;12.94;12.73;14.46;12.45;11.93;14.59;12.58;12.11;13.89;11.85;11.52;20.009;15.833;14.31;17.74;15.298;13.969;18.545;14.865;13.595;17.49;14.105;12.87;16.01810526;12.89105263;11.80368421;15.434;13.91;13.413
1/5/2037;20.19;16.18;14.64;19.93;14.97;13.36;14.59;12.94;12.73;14.46;12.45;11.93;14.59;12.58;12.11;13.89;11.85;11.52;20.009;15.833;14.31;17.74;15.298;13.969;18.545;14.865;13.595;17.49;14.105;12.87;16.01810526;12.89105263;11.80368421;15.434;13.91;13.413
1/6/2037;20.19;16.18;14.64;19.93;14.97;13.36;14.59;12.94;12.73;14.46;12.45;11.93;14.59;12.58;12.11;13.89;11.85;11.52;20.009;15.833;14.31;17.74;15.298;13.969;18.545;14.865;13.595;17.49;14.105;12.87;16.01810526;12.89105263;11.80368421;15.434;13.91;13.413
1/7/2037;20.19;16.18;14.64;19.93;14.97;13.36;14.59;12.94;12.73;14.46;12.45;11.93;14.59;12.58;12.11;13.89;11.85;11.52;20.009;15.833;14.31;17.74;15.298;13.969;18.545;14.865;13.595;17.49;14.105;12.87;16.01810526;12.89105263;11.80368421;15.434;13.91;13.413
1/8/2037;20.19;16.18;14.64;19.93;14.97;13.36;14.59;12.94;12.73;14.46;12.45;11.93;14.59;12.58;12.11;13.89;11.85;11.52;20.009;15.833;14.31;17.74;15.298;13.969;18.545;14.865;13.595;17.49;14.105;12.87;16.01810526;12.89105263;11.80368421;15.434;13.91;13.413
1/9/2037;20.19;16.18;14.64;19.93;14.97;13.36;14.59;12.94;12.73;14.46;12.45;11.93;14.59;12.58;12.11;13.89;11.85;11.52;20.009;15.833;14.31;17.74;15.298;13.969;18.545;14.865;13.595;17.49;14.105;12.87;16.01810526;12.89105263;11.80368421;15.434;13.91;13.413
1/10/2037;20.19;16.18;14.64;19.93;14.97;13.36;14.59;12.94;12.73;14.46;12.45;11.93;14.59;12.58;12.11;13.89;11.85;11.52;20.009;15.833;14.31;17.74;15.298;13.969;18.545;14.865;13.595;17.49;14.105;12.87;16.01810526;12.89105263;11.80368421;15.434;13.91;13.413
1/11/2037;20.19;16.18;14.64;19.93;14.97;13.36;14.59;12.94;12.73;14.46;12.45;11.93;14.59;12.58;12.11;13.89;11.85;11.52;20.009;15.833;14.31;17.74;15.298;13.969;18.545;14.865;13.595;17.49;14.105;12.87;16.01810526;12.89105263;11.80368421;15.434;13.91;13.413
1/12/2037;20.19;16.18;14.64;19.93;14.97;13.36;14.59;12.94;12.73;14.46;12.45;11.93;14.59;12.58;12.11;13.89;11.85;11.52;20.009;15.833;14.31;17.74;15.298;13.969;18.545;14.865;13.595;17.49;14.105;12.87;16.01810526;12.89105263;11.80368421;15.434;13.91;13.413
1/1/2038;20.19;16.18;14.64;19.93;14.97;13.36;14.59;12.94;12.73;14.46;12.45;11.93;14.59;12.58;12.11;13.89;11.85;11.52;20.009;15.833;14.31;17.74;15.298;13.969;18.545;14.865;13.595;17.49;14.105;12.87;16.01810526;12.89105263;11.80368421;15.434;13.91;13.413
1/2/2038;20.19;16.18;14.64;19.93;14.97;13.36;14.59;12.94;12.73;14.46;12.45;11.93;14.59;12.58;12.11;13.89;11.85;11.52;20.009;15.833;14.31;17.74;15.298;13.969;18.545;14.865;13.595;17.49;14.105;12.87;16.01810526;12.89105263;11.80368421;15.434;13.91;13.413
1/3/2038;20.19;16.18;14.64;19.93;14.97;13.36;14.59;12.94;12.73;14.46;12.45;11.93;14.59;12.58;12.11;13.89;11.85;11.52;20.009;15.833;14.31;17.74;15.298;13.969;18.545;14.865;13.595;17.49;14.105;12.87;16.01810526;12.89105263;11.80368421;15.434;13.91;13.413
1/4/2038;20.19;16.18;14.64;19.93;14.97;13.36;14.59;12.94;12.73;14.46;12.45;11.93;14.59;12.58;12.11;13.89;11.85;11.52;20.009;15.833;14.31;17.74;15.298;13.969;18.545;14.865;13.595;17.49;14.105;12.87;16.01810526;12.89105263;11.80368421;15.434;13.91;13.413
1/5/2038;20.19;16.18;14.64;19.93;14.97;13.36;14.59;12.94;12.73;14.46;12.45;11.93;14.59;12.58;12.11;13.89;11.85;11.52;20.009;15.833;14.31;17.74;15.298;13.969;18.545;14.865;13.595;17.49;14.105;12.87;16.01810526;12.89105263;11.80368421;15.434;13.91;13.413
1/6/2038;20.19;16.18;14.64;19.93;14.97;13.36;14.59;12.94;12.73;14.46;12.45;11.93;14.59;12.58;12.11;13.89;11.85;11.52;20.009;15.833;14.31;17.74;15.298;13.969;18.545;14.865;13.595;17.49;14.105;12.87;16.01810526;12.89105263;11.80368421;15.434;13.91;13.413
1/7/2038;20.19;16.18;14.64;19.93;14.97;13.36;14.59;12.94;12.73;14.46;12.45;11.93;14.59;12.58;12.11;13.89;11.85;11.52;20.009;15.833;14.31;17.74;15.298;13.969;18.545;14.865;13.595;17.49;14.105;12.87;16.01810526;12.89105263;11.80368421;15.434;13.91;13.413
1/8/2038;20.19;16.18;14.64;19.93;14.97;13.36;14.59;12.94;12.73;14.46;12.45;11.93;14.59;12.58;12.11;13.89;11.85;11.52;20.009;15.833;14.31;17.74;15.298;13.969;18.545;14.865;13.595;17.49;14.105;12.87;16.01810526;12.89105263;11.80368421;15.434;13.91;13.413
1/9/2038;20.19;16.18;14.64;19.93;14.97;13.36;14.59;12.94;12.73;14.46;12.45;11.93;14.59;12.58;12.11;13.89;11.85;11.52;20.009;15.833;14.31;17.74;15.298;13.969;18.545;14.865;13.595;17.49;14.105;12.87;16.01810526;12.89105263;11.80368421;15.434;13.91;13.413
1/10/2038;20.19;16.18;14.64;19.93;14.97;13.36;14.59;12.94;12.73;14.46;12.45;11.93;14.59;12.58;12.11;13.89;11.85;11.52;20.009;15.833;14.31;17.74;15.298;13.969;18.545;14.865;13.595;17.49;14.105;12.87;16.01810526;12.89105263;11.80368421;15.434;13.91;13.413
1/11/2038;20.19;16.18;14.64;19.93;14.97;13.36;14.59;12.94;12.73;14.46;12.45;11.93;14.59;12.58;12.11;13.89;11.85;11.52;20.009;15.833;14.31;17.74;15.298;13.969;18.545;14.865;13.595;17.49;14.105;12.87;16.01810526;12.89105263;11.80368421;15.434;13.91;13.413
1/12/2038;20.19;16.18;14.64;19.93;14.97;13.36;14.59;12.94;12.73;14.46;12.45;11.93;14.59;12.58;12.11;13.89;11.85;11.52;20.009;15.833;14.31;17.74;15.298;13.969;18.545;14.865;13.595;17.49;14.105;12.87;16.01810526;12.89105263;11.80368421;15.434;13.91;13.413
1/1/2039;20.19;16.18;14.64;19.93;14.97;13.36;14.59;12.94;12.73;14.46;12.45;11.93;14.59;12.58;12.11;13.89;11.85;11.52;20.009;15.833;14.31;17.74;15.298;13.969;18.545;14.865;13.595;17.49;14.105;12.87;16.01810526;12.89105263;11.80368421;15.434;13.91;13.413
1/2/2039;20.19;16.18;14.64;19.93;14.97;13.36;14.59;12.94;12.73;14.46;12.45;11.93;14.59;12.58;12.11;13.89;11.85;11.52;20.009;15.833;14.31;17.74;15.298;13.969;18.545;14.865;13.595;17.49;14.105;12.87;16.01810526;12.89105263;11.80368421;15.434;13.91;13.413
1/3/2039;20.19;16.18;14.64;19.93;14.97;13.36;14.59;12.94;12.73;14.46;12.45;11.93;14.59;12.58;12.11;13.89;11.85;11.52;20.009;15.833;14.31;17.74;15.298;13.969;18.545;14.865;13.595;17.49;14.105;12.87;16.01810526;12.89105263;11.80368421;15.434;13.91;13.413
1/4/2039;20.19;16.18;14.64;19.93;14.97;13.36;14.59;12.94;12.73;14.46;12.45;11.93;14.59;12.58;12.11;13.89;11.85;11.52;20.009;15.833;14.31;17.74;15.298;13.969;18.545;14.865;13.595;17.49;14.105;12.87;16.01810526;12.89105263;11.80368421;15.434;13.91;13.413
1/5/2039;20.19;16.18;14.64;19.93;14.97;13.36;14.59;12.94;12.73;14.46;12.45;11.93;14.59;12.58;12.11;13.89;11.85;11.52;20.009;15.833;14.31;17.74;15.298;13.969;18.545;14.865;13.595;17.49;14.105;12.87;16.01810526;12.89105263;11.80368421;15.434;13.91;13.413
1/6/2039;20.19;16.18;14.64;19.93;14.97;13.36;14.59;12.94;12.73;14.46;12.45;11.93;14.59;12.58;12.11;13.89;11.85;11.52;20.009;15.833;14.31;17.74;15.298;13.969;18.545;14.865;13.595;17.49;14.105;12.87;16.01810526;12.89105263;11.80368421;15.434;13.91;13.413
1/7/2039;20.19;16.18;14.64;19.93;14.97;13.36;14.59;12.94;12.73;14.46;12.45;11.93;14.59;12.58;12.11;13.89;11.85;11.52;20.009;15.833;14.31;17.74;15.298;13.969;18.545;14.865;13.595;17.49;14.105;12.87;16.01810526;12.89105263;11.80368421;15.434;13.91;13.413
1/8/2039;20.19;16.18;14.64;19.93;14.97;13.36;14.59;12.94;12.73;14.46;12.45;11.93;14.59;12.58;12.11;13.89;11.85;11.52;20.009;15.833;14.31;17.74;15.298;13.969;18.545;14.865;13.595;17.49;14.105;12.87;16.01810526;12.89105263;11.80368421;15.434;13.91;13.413
1/9/2039;20.19;16.18;14.64;19.93;14.97;13.36;14.59;12.94;12.73;14.46;12.45;11.93;14.59;12.58;12.11;13.89;11.85;11.52;20.009;15.833;14.31;17.74;15.298;13.969;18.545;14.865;13.595;17.49;14.105;12.87;16.01810526;12.89105263;11.80368421;15.434;13.91;13.413
1/10/2039;20.19;16.18;14.64;19.93;14.97;13.36;14.59;12.94;12.73;14.46;12.45;11.93;14.59;12.58;12.11;13.89;11.85;11.52;20.009;15.833;14.31;17.74;15.298;13.969;18.545;14.865;13.595;17.49;14.105;12.87;16.01810526;12.89105263;11.80368421;15.434;13.91;13.413
1/11/2039;20.19;16.18;14.64;19.93;14.97;13.36;14.59;12.94;12.73;14.46;12.45;11.93;14.59;12.58;12.11;13.89;11.85;11.52;20.009;15.833;14.31;17.74;15.298;13.969;18.545;14.865;13.595;17.49;14.105;12.87;16.01810526;12.89105263;11.80368421;15.434;13.91;13.413
1/12/2039;20.19;16.18;14.64;19.93;14.97;13.36;14.59;12.94;12.73;14.46;12.45;11.93;14.59;12.58;12.11;13.89;11.85;11.52;20.009;15.833;14.31;17.74;15.298;13.969;18.545;14.865;13.595;17.49;14.105;12.87;16.01810526;12.89105263;11.80368421;15.434;13.91;13.413
1/1/2040;20.19;16.18;14.64;19.93;14.97;13.36;14.59;12.94;12.73;14.46;12.45;11.93;14.59;12.58;12.11;13.89;11.85;11.52;20.009;15.833;14.31;17.74;15.298;13.969;18.545;14.865;13.595;17.49;14.105;12.87;16.01810526;12.89105263;11.80368421;15.434;13.91;13.413
1/2/2040;20.19;16.18;14.64;19.93;14.97;13.36;14.59;12.94;12.73;14.46;12.45;11.93;14.59;12.58;12.11;13.89;11.85;11.52;20.009;15.833;14.31;17.74;15.298;13.969;18.545;14.865;13.595;17.49;14.105;12.87;16.01810526;12.89105263;11.80368421;15.434;13.91;13.413
1/3/2040;20.19;16.18;14.64;19.93;14.97;13.36;14.59;12.94;12.73;14.46;12.45;11.93;14.59;12.58;12.11;13.89;11.85;11.52;20.009;15.833;14.31;17.74;15.298;13.969;18.545;14.865;13.595;17.49;14.105;12.87;16.01810526;12.89105263;11.80368421;15.434;13.91;13.413
1/4/2040;20.19;16.18;14.64;19.93;14.97;13.36;14.59;12.94;12.73;14.46;12.45;11.93;14.59;12.58;12.11;13.89;11.85;11.52;20.009;15.833;14.31;17.74;15.298;13.969;18.545;14.865;13.595;17.49;14.105;12.87;16.01810526;12.89105263;11.80368421;15.434;13.91;13.413
1/5/2040;20.19;16.18;14.64;19.93;14.97;13.36;14.59;12.94;12.73;14.46;12.45;11.93;14.59;12.58;12.11;13.89;11.85;11.52;20.009;15.833;14.31;17.74;15.298;13.969;18.545;14.865;13.595;17.49;14.105;12.87;16.01810526;12.89105263;11.80368421;15.434;13.91;13.413
1/6/2040;20.19;16.18;14.64;19.93;14.97;13.36;14.59;12.94;12.73;14.46;12.45;11.93;14.59;12.58;12.11;13.89;11.85;11.52;20.009;15.833;14.31;17.74;15.298;13.969;18.545;14.865;13.595;17.49;14.105;12.87;16.01810526;12.89105263;11.80368421;15.434;13.91;13.413
1/7/2040;20.19;16.18;14.64;19.93;14.97;13.36;14.59;12.94;12.73;14.46;12.45;11.93;14.59;12.58;12.11;13.89;11.85;11.52;20.009;15.833;14.31;17.74;15.298;13.969;18.545;14.865;13.595;17.49;14.105;12.87;16.01810526;12.89105263;11.80368421;15.434;13.91;13.413
1/8/2040;20.19;16.18;14.64;19.93;14.97;13.36;14.59;12.94;12.73;14.46;12.45;11.93;14.59;12.58;12.11;13.89;11.85;11.52;20.009;15.833;14.31;17.74;15.298;13.969;18.545;14.865;13.595;17.49;14.105;12.87;16.01810526;12.89105263;11.80368421;15.434;13.91;13.413
1/9/2040;20.19;16.18;14.64;19.93;14.97;13.36;14.59;12.94;12.73;14.46;12.45;11.93;14.59;12.58;12.11;13.89;11.85;11.52;20.009;15.833;14.31;17.74;15.298;13.969;18.545;14.865;13.595;17.49;14.105;12.87;16.01810526;12.89105263;11.80368421;15.434;13.91;13.413
1/10/2040;20.19;16.18;14.64;19.93;14.97;13.36;14.59;12.94;12.73;14.46;12.45;11.93;14.59;12.58;12.11;13.89;11.85;11.52;20.009;15.833;14.31;17.74;15.298;13.969;18.545;14.865;13.595;17.49;14.105;12.87;16.01810526;12.89105263;11.80368421;15.434;13.91;13.413
1/11/2040;20.19;16.18;14.64;19.93;14.97;13.36;14.59;12.94;12.73;14.46;12.45;11.93;14.59;12.58;12.11;13.89;11.85;11.52;20.009;15.833;14.31;17.74;15.298;13.969;18.545;14.865;13.595;17.49;14.105;12.87;16.01810526;12.89105263;11.80368421;15.434;13.91;13.413
1/12/2040;20.19;16.18;14.64;19.93;14.97;13.36;14.59;12.94;12.73;14.46;12.45;11.93;14.59;12.58;12.11;13.89;11.85;11.52;20.009;15.833;14.31;17.74;15.298;13.969;18.545;14.865;13.595;17.49;14.105;12.87;16.01810526;12.89105263;11.80368421;15.434;13.91;13.413
1/1/2041;20.19;16.18;14.64;19.93;14.97;13.36;14.59;12.94;12.73;14.46;12.45;11.93;14.59;12.58;12.11;13.89;11.85;11.52;20.009;15.833;14.31;17.74;15.298;13.969;18.545;14.865;13.595;17.49;14.105;12.87;16.01810526;12.89105263;11.80368421;15.434;13.91;13.413
1/2/2041;20.19;16.18;14.64;19.93;14.97;13.36;14.59;12.94;12.73;14.46;12.45;11.93;14.59;12.58;12.11;13.89;11.85;11.52;20.009;15.833;14.31;17.74;15.298;13.969;18.545;14.865;13.595;17.49;14.105;12.87;16.01810526;12.89105263;11.80368421;15.434;13.91;13.413
1/3/2041;20.19;16.18;14.64;19.93;14.97;13.36;14.59;12.94;12.73;14.46;12.45;11.93;14.59;12.58;12.11;13.89;11.85;11.52;20.009;15.833;14.31;17.74;15.298;13.969;18.545;14.865;13.595;17.49;14.105;12.87;16.01810526;12.89105263;11.80368421;15.434;13.91;13.413
1/4/2041;20.19;16.18;14.64;19.93;14.97;13.36;14.59;12.94;12.73;14.46;12.45;11.93;14.59;12.58;12.11;13.89;11.85;11.52;20.009;15.833;14.31;17.74;15.298;13.969;18.545;14.865;13.595;17.49;14.105;12.87;16.01810526;12.89105263;11.80368421;15.434;13.91;13.413
1/5/2041;20.19;16.18;14.64;19.93;14.97;13.36;14.59;12.94;12.73;14.46;12.45;11.93;14.59;12.58;12.11;13.89;11.85;11.52;20.009;15.833;14.31;17.74;15.298;13.969;18.545;14.865;13.595;17.49;14.105;12.87;16.01810526;12.89105263;11.80368421;15.434;13.91;13.413
1/6/2041;20.19;16.18;14.64;19.93;14.97;13.36;14.59;12.94;12.73;14.46;12.45;11.93;14.59;12.58;12.11;13.89;11.85;11.52;20.009;15.833;14.31;17.74;15.298;13.969;18.545;14.865;13.595;17.49;14.105;12.87;16.01810526;12.89105263;11.80368421;15.434;13.91;13.413
1/7/2041;20.19;16.18;14.64;19.93;14.97;13.36;14.59;12.94;12.73;14.46;12.45;11.93;14.59;12.58;12.11;13.89;11.85;11.52;20.009;15.833;14.31;17.74;15.298;13.969;18.545;14.865;13.595;17.49;14.105;12.87;16.01810526;12.89105263;11.80368421;15.434;13.91;13.413
1/8/2041;20.19;16.18;14.64;19.93;14.97;13.36;14.59;12.94;12.73;14.46;12.45;11.93;14.59;12.58;12.11;13.89;11.85;11.52;20.009;15.833;14.31;17.74;15.298;13.969;18.545;14.865;13.595;17.49;14.105;12.87;16.01810526;12.89105263;11.80368421;15.434;13.91;13.413
1/9/2041;20.19;16.18;14.64;19.93;14.97;13.36;14.59;12.94;12.73;14.46;12.45;11.93;14.59;12.58;12.11;13.89;11.85;11.52;20.009;15.833;14.31;17.74;15.298;13.969;18.545;14.865;13.595;17.49;14.105;12.87;16.01810526;12.89105263;11.80368421;15.434;13.91;13.413
1/10/2041;20.19;16.18;14.64;19.93;14.97;13.36;14.59;12.94;12.73;14.46;12.45;11.93;14.59;12.58;12.11;13.89;11.85;11.52;20.009;15.833;14.31;17.74;15.298;13.969;18.545;14.865;13.595;17.49;14.105;12.87;16.01810526;12.89105263;11.80368421;15.434;13.91;13.413
1/11/2041;20.19;16.18;14.64;19.93;14.97;13.36;14.59;12.94;12.73;14.46;12.45;11.93;14.59;12.58;12.11;13.89;11.85;11.52;20.009;15.833;14.31;17.74;15.298;13.969;18.545;14.865;13.595;17.49;14.105;12.87;16.01810526;12.89105263;11.80368421;15.434;13.91;13.413
1/12/2041;20.19;16.18;14.64;19.93;14.97;13.36;14.59;12.94;12.73;14.46;12.45;11.93;14.59;12.58;12.11;13.89;11.85;11.52;20.009;15.833;14.31;17.74;15.298;13.969;18.545;14.865;13.595;17.49;14.105;12.87;16.01810526;12.89105263;11.80368421;15.434;13.91;13.413
1/1/2042;20.19;16.18;14.64;19.93;14.97;13.36;14.59;12.94;12.73;14.46;12.45;11.93;14.59;12.58;12.11;13.89;11.85;11.52;20.009;15.833;14.31;17.74;15.298;13.969;18.545;14.865;13.595;17.49;14.105;12.87;16.01810526;12.89105263;11.80368421;15.434;13.91;13.413
1/2/2042;20.19;16.18;14.64;19.93;14.97;13.36;14.59;12.94;12.73;14.46;12.45;11.93;14.59;12.58;12.11;13.89;11.85;11.52;20.009;15.833;14.31;17.74;15.298;13.969;18.545;14.865;13.595;17.49;14.105;12.87;16.01810526;12.89105263;11.80368421;15.434;13.91;13.413
1/3/2042;20.19;16.18;14.64;19.93;14.97;13.36;14.59;12.94;12.73;14.46;12.45;11.93;14.59;12.58;12.11;13.89;11.85;11.52;20.009;15.833;14.31;17.74;15.298;13.969;18.545;14.865;13.595;17.49;14.105;12.87;16.01810526;12.89105263;11.80368421;15.434;13.91;13.413
1/4/2042;20.19;16.18;14.64;19.93;14.97;13.36;14.59;12.94;12.73;14.46;12.45;11.93;14.59;12.58;12.11;13.89;11.85;11.52;20.009;15.833;14.31;17.74;15.298;13.969;18.545;14.865;13.595;17.49;14.105;12.87;16.01810526;12.89105263;11.80368421;15.434;13.91;13.413
1/5/2042;20.19;16.18;14.64;19.93;14.97;13.36;14.59;12.94;12.73;14.46;12.45;11.93;14.59;12.58;12.11;13.89;11.85;11.52;20.009;15.833;14.31;17.74;15.298;13.969;18.545;14.865;13.595;17.49;14.105;12.87;16.01810526;12.89105263;11.80368421;15.434;13.91;13.413
1/6/2042;20.19;16.18;14.64;19.93;14.97;13.36;14.59;12.94;12.73;14.46;12.45;11.93;14.59;12.58;12.11;13.89;11.85;11.52;20.009;15.833;14.31;17.74;15.298;13.969;18.545;14.865;13.595;17.49;14.105;12.87;16.01810526;12.89105263;11.80368421;15.434;13.91;13.413
1/7/2042;20.19;16.18;14.64;19.93;14.97;13.36;14.59;12.94;12.73;14.46;12.45;11.93;14.59;12.58;12.11;13.89;11.85;11.52;20.009;15.833;14.31;17.74;15.298;13.969;18.545;14.865;13.595;17.49;14.105;12.87;16.01810526;12.89105263;11.80368421;15.434;13.91;13.413
1/8/2042;20.19;16.18;14.64;19.93;14.97;13.36;14.59;12.94;12.73;14.46;12.45;11.93;14.59;12.58;12.11;13.89;11.85;11.52;20.009;15.833;14.31;17.74;15.298;13.969;18.545;14.865;13.595;17.49;14.105;12.87;16.01810526;12.89105263;11.80368421;15.434;13.91;13.413
1/9/2042;20.19;16.18;14.64;19.93;14.97;13.36;14.59;12.94;12.73;14.46;12.45;11.93;14.59;12.58;12.11;13.89;11.85;11.52;20.009;15.833;14.31;17.74;15.298;13.969;18.545;14.865;13.595;17.49;14.105;12.87;16.01810526;12.89105263;11.80368421;15.434;13.91;13.413
1/10/2042;20.19;16.18;14.64;19.93;14.97;13.36;14.59;12.94;12.73;14.46;12.45;11.93;14.59;12.58;12.11;13.89;11.85;11.52;20.009;15.833;14.31;17.74;15.298;13.969;18.545;14.865;13.595;17.49;14.105;12.87;16.01810526;12.89105263;11.80368421;15.434;13.91;13.413
1/11/2042;20.19;16.18;14.64;19.93;14.97;13.36;14.59;12.94;12.73;14.46;12.45;11.93;14.59;12.58;12.11;13.89;11.85;11.52;20.009;15.833;14.31;17.74;15.298;13.969;18.545;14.865;13.595;17.49;14.105;12.87;16.01810526;12.89105263;11.80368421;15.434;13.91;13.413
1/12/2042;20.19;16.18;14.64;19.93;14.97;13.36;14.59;12.94;12.73;14.46;12.45;11.93;14.59;12.58;12.11;13.89;11.85;11.52;20.009;15.833;14.31;17.74;15.298;13.969;18.545;14.865;13.595;17.49;14.105;12.87;16.01810526;12.89105263;11.80368421;15.434;13.91;13.413
1/1/2043;20.19;16.18;14.64;19.93;14.97;13.36;14.59;12.94;12.73;14.46;12.45;11.93;14.59;12.58;12.11;13.89;11.85;11.52;20.009;15.833;14.31;17.74;15.298;13.969;18.545;14.865;13.595;17.49;14.105;12.87;16.01810526;12.89105263;11.80368421;15.434;13.91;13.413
1/2/2043;20.19;16.18;14.64;19.93;14.97;13.36;14.59;12.94;12.73;14.46;12.45;11.93;14.59;12.58;12.11;13.89;11.85;11.52;20.009;15.833;14.31;17.74;15.298;13.969;18.545;14.865;13.595;17.49;14.105;12.87;16.01810526;12.89105263;11.80368421;15.434;13.91;13.413
1/3/2043;20.19;16.18;14.64;19.93;14.97;13.36;14.59;12.94;12.73;14.46;12.45;11.93;14.59;12.58;12.11;13.89;11.85;11.52;20.009;15.833;14.31;17.74;15.298;13.969;18.545;14.865;13.595;17.49;14.105;12.87;16.01810526;12.89105263;11.80368421;15.434;13.91;13.413
1/4/2043;20.19;16.18;14.64;19.93;14.97;13.36;14.59;12.94;12.73;14.46;12.45;11.93;14.59;12.58;12.11;13.89;11.85;11.52;20.009;15.833;14.31;17.74;15.298;13.969;18.545;14.865;13.595;17.49;14.105;12.87;16.01810526;12.89105263;11.80368421;15.434;13.91;13.413
1/5/2043;20.19;16.18;14.64;19.93;14.97;13.36;14.59;12.94;12.73;14.46;12.45;11.93;14.59;12.58;12.11;13.89;11.85;11.52;20.009;15.833;14.31;17.74;15.298;13.969;18.545;14.865;13.595;17.49;14.105;12.87;16.01810526;12.89105263;11.80368421;15.434;13.91;13.413
1/6/2043;20.19;16.18;14.64;19.93;14.97;13.36;14.59;12.94;12.73;14.46;12.45;11.93;14.59;12.58;12.11;13.89;11.85;11.52;20.009;15.833;14.31;17.74;15.298;13.969;18.545;14.865;13.595;17.49;14.105;12.87;16.01810526;12.89105263;11.80368421;15.434;13.91;13.413
1/7/2043;20.19;16.18;14.64;19.93;14.97;13.36;14.59;12.94;12.73;14.46;12.45;11.93;14.59;12.58;12.11;13.89;11.85;11.52;20.009;15.833;14.31;17.74;15.298;13.969;18.545;14.865;13.595;17.49;14.105;12.87;16.01810526;12.89105263;11.80368421;15.434;13.91;13.413
1/8/2043;20.19;16.18;14.64;19.93;14.97;13.36;14.59;12.94;12.73;14.46;12.45;11.93;14.59;12.58;12.11;13.89;11.85;11.52;20.009;15.833;14.31;17.74;15.298;13.969;18.545;14.865;13.595;17.49;14.105;12.87;16.01810526;12.89105263;11.80368421;15.434;13.91;13.413
1/9/2043;20.19;16.18;14.64;19.93;14.97;13.36;14.59;12.94;12.73;14.46;12.45;11.93;14.59;12.58;12.11;13.89;11.85;11.52;20.009;15.833;14.31;17.74;15.298;13.969;18.545;14.865;13.595;17.49;14.105;12.87;16.01810526;12.89105263;11.80368421;15.434;13.91;13.413
1/10/2043;20.19;16.18;14.64;19.93;14.97;13.36;14.59;12.94;12.73;14.46;12.45;11.93;14.59;12.58;12.11;13.89;11.85;11.52;20.009;15.833;14.31;17.74;15.298;13.969;18.545;14.865;13.595;17.49;14.105;12.87;16.01810526;12.89105263;11.80368421;15.434;13.91;13.413
1/11/2043;20.19;16.18;14.64;19.93;14.97;13.36;14.59;12.94;12.73;14.46;12.45;11.93;14.59;12.58;12.11;13.89;11.85;11.52;20.009;15.833;14.31;17.74;15.298;13.969;18.545;14.865;13.595;17.49;14.105;12.87;16.01810526;12.89105263;11.80368421;15.434;13.91;13.413
1/12/2043;20.19;16.18;14.64;19.93;14.97;13.36;14.59;12.94;12.73;14.46;12.45;11.93;14.59;12.58;12.11;13.89;11.85;11.52;20.009;15.833;14.31;17.74;15.298;13.969;18.545;14.865;13.595;17.49;14.105;12.87;16.01810526;12.89105263;11.80368421;15.434;13.91;13.413
1/1/2044;20.19;16.18;14.64;19.93;14.97;13.36;14.59;12.94;12.73;14.46;12.45;11.93;14.59;12.58;12.11;13.89;11.85;11.52;20.009;15.833;14.31;17.74;15.298;13.969;18.545;14.865;13.595;17.49;14.105;12.87;16.01810526;12.89105263;11.80368421;15.434;13.91;13.413
1/2/2044;20.19;16.18;14.64;19.93;14.97;13.36;14.59;12.94;12.73;14.46;12.45;11.93;14.59;12.58;12.11;13.89;11.85;11.52;20.009;15.833;14.31;17.74;15.298;13.969;18.545;14.865;13.595;17.49;14.105;12.87;16.01810526;12.89105263;11.80368421;15.434;13.91;13.413
1/3/2044;20.19;16.18;14.64;19.93;14.97;13.36;14.59;12.94;12.73;14.46;12.45;11.93;14.59;12.58;12.11;13.89;11.85;11.52;20.009;15.833;14.31;17.74;15.298;13.969;18.545;14.865;13.595;17.49;14.105;12.87;16.01810526;12.89105263;11.80368421;15.434;13.91;13.413
1/4/2044;20.19;16.18;14.64;19.93;14.97;13.36;14.59;12.94;12.73;14.46;12.45;11.93;14.59;12.58;12.11;13.89;11.85;11.52;20.009;15.833;14.31;17.74;15.298;13.969;18.545;14.865;13.595;17.49;14.105;12.87;16.01810526;12.89105263;11.80368421;15.434;13.91;13.413
1/5/2044;20.19;16.18;14.64;19.93;14.97;13.36;14.59;12.94;12.73;14.46;12.45;11.93;14.59;12.58;12.11;13.89;11.85;11.52;20.009;15.833;14.31;17.74;15.298;13.969;18.545;14.865;13.595;17.49;14.105;12.87;16.01810526;12.89105263;11.80368421;15.434;13.91;13.413
1/6/2044;20.19;16.18;14.64;19.93;14.97;13.36;14.59;12.94;12.73;14.46;12.45;11.93;14.59;12.58;12.11;13.89;11.85;11.52;20.009;15.833;14.31;17.74;15.298;13.969;18.545;14.865;13.595;17.49;14.105;12.87;16.01810526;12.89105263;11.80368421;15.434;13.91;13.413
1/7/2044;20.19;16.18;14.64;19.93;14.97;13.36;14.59;12.94;12.73;14.46;12.45;11.93;14.59;12.58;12.11;13.89;11.85;11.52;20.009;15.833;14.31;17.74;15.298;13.969;18.545;14.865;13.595;17.49;14.105;12.87;16.01810526;12.89105263;11.80368421;15.434;13.91;13.413
1/8/2044;20.19;16.18;14.64;19.93;14.97;13.36;14.59;12.94;12.73;14.46;12.45;11.93;14.59;12.58;12.11;13.89;11.85;11.52;20.009;15.833;14.31;17.74;15.298;13.969;18.545;14.865;13.595;17.49;14.105;12.87;16.01810526;12.89105263;11.80368421;15.434;13.91;13.413
1/9/2044;20.19;16.18;14.64;19.93;14.97;13.36;14.59;12.94;12.73;14.46;12.45;11.93;14.59;12.58;12.11;13.89;11.85;11.52;20.009;15.833;14.31;17.74;15.298;13.969;18.545;14.865;13.595;17.49;14.105;12.87;16.01810526;12.89105263;11.80368421;15.434;13.91;13.413
1/10/2044;20.19;16.18;14.64;19.93;14.97;13.36;14.59;12.94;12.73;14.46;12.45;11.93;14.59;12.58;12.11;13.89;11.85;11.52;20.009;15.833;14.31;17.74;15.298;13.969;18.545;14.865;13.595;17.49;14.105;12.87;16.01810526;12.89105263;11.80368421;15.434;13.91;13.413
1/11/2044;20.19;16.18;14.64;19.93;14.97;13.36;14.59;12.94;12.73;14.46;12.45;11.93;14.59;12.58;12.11;13.89;11.85;11.52;20.009;15.833;14.31;17.74;15.298;13.969;18.545;14.865;13.595;17.49;14.105;12.87;16.01810526;12.89105263;11.80368421;15.434;13.91;13.413
1/12/2044;20.19;16.18;14.64;19.93;14.97;13.36;14.59;12.94;12.73;14.46;12.45;11.93;14.59;12.58;12.11;13.89;11.85;11.52;20.009;15.833;14.31;17.74;15.298;13.969;18.545;14.865;13.595;17.49;14.105;12.87;16.01810526;12.89105263;11.80368421;15.434;13.91;13.413
1/1/2045;20.19;16.18;14.64;19.93;14.97;13.36;14.59;12.94;12.73;14.46;12.45;11.93;14.59;12.58;12.11;13.89;11.85;11.52;20.009;15.833;14.31;17.74;15.298;13.969;18.545;14.865;13.595;17.49;14.105;12.87;16.01810526;12.89105263;11.80368421;15.434;13.91;13.413
1/2/2045;20.19;16.18;14.64;19.93;14.97;13.36;14.59;12.94;12.73;14.46;12.45;11.93;14.59;12.58;12.11;13.89;11.85;11.52;20.009;15.833;14.31;17.74;15.298;13.969;18.545;14.865;13.595;17.49;14.105;12.87;16.01810526;12.89105263;11.80368421;15.434;13.91;13.413
1/3/2045;20.19;16.18;14.64;19.93;14.97;13.36;14.59;12.94;12.73;14.46;12.45;11.93;14.59;12.58;12.11;13.89;11.85;11.52;20.009;15.833;14.31;17.74;15.298;13.969;18.545;14.865;13.595;17.49;14.105;12.87;16.01810526;12.89105263;11.80368421;15.434;13.91;13.413
1/4/2045;20.19;16.18;14.64;19.93;14.97;13.36;14.59;12.94;12.73;14.46;12.45;11.93;14.59;12.58;12.11;13.89;11.85;11.52;20.009;15.833;14.31;17.74;15.298;13.969;18.545;14.865;13.595;17.49;14.105;12.87;16.01810526;12.89105263;11.80368421;15.434;13.91;13.413
1/5/2045;20.19;16.18;14.64;19.93;14.97;13.36;14.59;12.94;12.73;14.46;12.45;11.93;14.59;12.58;12.11;13.89;11.85;11.52;20.009;15.833;14.31;17.74;15.298;13.969;18.545;14.865;13.595;17.49;14.105;12.87;16.01810526;12.89105263;11.80368421;15.434;13.91;13.413
1/6/2045;20.19;16.18;14.64;19.93;14.97;13.36;14.59;12.94;12.73;14.46;12.45;11.93;14.59;12.58;12.11;13.89;11.85;11.52;20.009;15.833;14.31;17.74;15.298;13.969;18.545;14.865;13.595;17.49;14.105;12.87;16.01810526;12.89105263;11.80368421;15.434;13.91;13.413
1/7/2045;20.19;16.18;14.64;19.93;14.97;13.36;14.59;12.94;12.73;14.46;12.45;11.93;14.59;12.58;12.11;13.89;11.85;11.52;20.009;15.833;14.31;17.74;15.298;13.969;18.545;14.865;13.595;17.49;14.105;12.87;16.01810526;12.89105263;11.80368421;15.434;13.91;13.413
1/8/2045;20.19;16.18;14.64;19.93;14.97;13.36;14.59;12.94;12.73;14.46;12.45;11.93;14.59;12.58;12.11;13.89;11.85;11.52;20.009;15.833;14.31;17.74;15.298;13.969;18.545;14.865;13.595;17.49;14.105;12.87;16.01810526;12.89105263;11.80368421;15.434;13.91;13.413
1/9/2045;20.19;16.18;14.64;19.93;14.97;13.36;14.59;12.94;12.73;14.46;12.45;11.93;14.59;12.58;12.11;13.89;11.85;11.52;20.009;15.833;14.31;17.74;15.298;13.969;18.545;14.865;13.595;17.49;14.105;12.87;16.01810526;12.89105263;11.80368421;15.434;13.91;13.413
1/10/2045;20.19;16.18;14.64;19.93;14.97;13.36;14.59;12.94;12.73;14.46;12.45;11.93;14.59;12.58;12.11;13.89;11.85;11.52;20.009;15.833;14.31;17.74;15.298;13.969;18.545;14.865;13.595;17.49;14.105;12.87;16.01810526;12.89105263;11.80368421;15.434;13.91;13.413
1/11/2045;20.19;16.18;14.64;19.93;14.97;13.36;14.59;12.94;12.73;14.46;12.45;11.93;14.59;12.58;12.11;13.89;11.85;11.52;20.009;15.833;14.31;17.74;15.298;13.969;18.545;14.865;13.595;17.49;14.105;12.87;16.01810526;12.89105263;11.80368421;15.434;13.91;13.413
1/12/2045;20.19;16.18;14.64;19.93;14.97;13.36;14.59;12.94;12.73;14.46;12.45;11.93;14.59;12.58;12.11;13.89;11.85;11.52;20.009;15.833;14.31;17.74;15.298;13.969;18.545;14.865;13.595;17.49;14.105;12.87;16.01810526;12.89105263;11.80368421;15.434;13.91;13.413
1/1/2046;20.19;16.18;14.64;19.93;14.97;13.36;14.59;12.94;12.73;14.46;12.45;11.93;14.59;12.58;12.11;13.89;11.85;11.52;20.009;15.833;14.31;17.74;15.298;13.969;18.545;14.865;13.595;17.49;14.105;12.87;16.01810526;12.89105263;11.80368421;15.434;13.91;13.413
1/2/2046;20.19;16.18;14.64;19.93;14.97;13.36;14.59;12.94;12.73;14.46;12.45;11.93;14.59;12.58;12.11;13.89;11.85;11.52;20.009;15.833;14.31;17.74;15.298;13.969;18.545;14.865;13.595;17.49;14.105;12.87;16.01810526;12.89105263;11.80368421;15.434;13.91;13.413
1/3/2046;20.19;16.18;14.64;19.93;14.97;13.36;14.59;12.94;12.73;14.46;12.45;11.93;14.59;12.58;12.11;13.89;11.85;11.52;20.009;15.833;14.31;17.74;15.298;13.969;18.545;14.865;13.595;17.49;14.105;12.87;16.01810526;12.89105263;11.80368421;15.434;13.91;13.413
1/4/2046;20.19;16.18;14.64;19.93;14.97;13.36;14.59;12.94;12.73;14.46;12.45;11.93;14.59;12.58;12.11;13.89;11.85;11.52;20.009;15.833;14.31;17.74;15.298;13.969;18.545;14.865;13.595;17.49;14.105;12.87;16.01810526;12.89105263;11.80368421;15.434;13.91;13.413
1/5/2046;20.19;16.18;14.64;19.93;14.97;13.36;14.59;12.94;12.73;14.46;12.45;11.93;14.59;12.58;12.11;13.89;11.85;11.52;20.009;15.833;14.31;17.74;15.298;13.969;18.545;14.865;13.595;17.49;14.105;12.87;16.01810526;12.89105263;11.80368421;15.434;13.91;13.413
1/6/2046;20.19;16.18;14.64;19.93;14.97;13.36;14.59;12.94;12.73;14.46;12.45;11.93;14.59;12.58;12.11;13.89;11.85;11.52;20.009;15.833;14.31;17.74;15.298;13.969;18.545;14.865;13.595;17.49;14.105;12.87;16.01810526;12.89105263;11.80368421;15.434;13.91;13.413
1/7/2046;20.19;16.18;14.64;19.93;14.97;13.36;14.59;12.94;12.73;14.46;12.45;11.93;14.59;12.58;12.11;13.89;11.85;11.52;20.009;15.833;14.31;17.74;15.298;13.969;18.545;14.865;13.595;17.49;14.105;12.87;16.01810526;12.89105263;11.80368421;15.434;13.91;13.413
1/8/2046;20.19;16.18;14.64;19.93;14.97;13.36;14.59;12.94;12.73;14.46;12.45;11.93;14.59;12.58;12.11;13.89;11.85;11.52;20.009;15.833;14.31;17.74;15.298;13.969;18.545;14.865;13.595;17.49;14.105;12.87;16.01810526;12.89105263;11.80368421;15.434;13.91;13.413
1/9/2046;20.19;16.18;14.64;19.93;14.97;13.36;14.59;12.94;12.73;14.46;12.45;11.93;14.59;12.58;12.11;13.89;11.85;11.52;20.009;15.833;14.31;17.74;15.298;13.969;18.545;14.865;13.595;17.49;14.105;12.87;16.01810526;12.89105263;11.80368421;15.434;13.91;13.413
1/10/2046;20.19;16.18;14.64;19.93;14.97;13.36;14.59;12.94;12.73;14.46;12.45;11.93;14.59;12.58;12.11;13.89;11.85;11.52;20.009;15.833;14.31;17.74;15.298;13.969;18.545;14.865;13.595;17.49;14.105;12.87;16.01810526;12.89105263;11.80368421;15.434;13.91;13.413
1/11/2046;20.19;16.18;14.64;19.93;14.97;13.36;14.59;12.94;12.73;14.46;12.45;11.93;14.59;12.58;12.11;13.89;11.85;11.52;20.009;15.833;14.31;17.74;15.298;13.969;18.545;14.865;13.595;17.49;14.105;12.87;16.01810526;12.89105263;11.80368421;15.434;13.91;13.413
1/12/2046;20.19;16.18;14.64;19.93;14.97;13.36;14.59;12.94;12.73;14.46;12.45;11.93;14.59;12.58;12.11;13.89;11.85;11.52;20.009;15.833;14.31;17.74;15.298;13.969;18.545;14.865;13.595;17.49;14.105;12.87;16.01810526;12.89105263;11.80368421;15.434;13.91;13.413
1/1/2047;20.19;16.18;14.64;19.93;14.97;13.36;14.59;12.94;12.73;14.46;12.45;11.93;14.59;12.58;12.11;13.89;11.85;11.52;20.009;15.833;14.31;17.74;15.298;13.969;18.545;14.865;13.595;17.49;14.105;12.87;16.01810526;12.89105263;11.80368421;15.434;13.91;13.413
1/2/2047;20.19;16.18;14.64;19.93;14.97;13.36;14.59;12.94;12.73;14.46;12.45;11.93;14.59;12.58;12.11;13.89;11.85;11.52;20.009;15.833;14.31;17.74;15.298;13.969;18.545;14.865;13.595;17.49;14.105;12.87;16.01810526;12.89105263;11.80368421;15.434;13.91;13.413
1/3/2047;20.19;16.18;14.64;19.93;14.97;13.36;14.59;12.94;12.73;14.46;12.45;11.93;14.59;12.58;12.11;13.89;11.85;11.52;20.009;15.833;14.31;17.74;15.298;13.969;18.545;14.865;13.595;17.49;14.105;12.87;16.01810526;12.89105263;11.80368421;15.434;13.91;13.413
1/4/2047;20.19;16.18;14.64;19.93;14.97;13.36;14.59;12.94;12.73;14.46;12.45;11.93;14.59;12.58;12.11;13.89;11.85;11.52;20.009;15.833;14.31;17.74;15.298;13.969;18.545;14.865;13.595;17.49;14.105;12.87;16.01810526;12.89105263;11.80368421;15.434;13.91;13.413
1/5/2047;20.19;16.18;14.64;19.93;14.97;13.36;14.59;12.94;12.73;14.46;12.45;11.93;14.59;12.58;12.11;13.89;11.85;11.52;20.009;15.833;14.31;17.74;15.298;13.969;18.545;14.865;13.595;17.49;14.105;12.87;16.01810526;12.89105263;11.80368421;15.434;13.91;13.413
1/6/2047;20.19;16.18;14.64;19.93;14.97;13.36;14.59;12.94;12.73;14.46;12.45;11.93;14.59;12.58;12.11;13.89;11.85;11.52;20.009;15.833;14.31;17.74;15.298;13.969;18.545;14.865;13.595;17.49;14.105;12.87;16.01810526;12.89105263;11.80368421;15.434;13.91;13.413
1/7/2047;20.19;16.18;14.64;19.93;14.97;13.36;14.59;12.94;12.73;14.46;12.45;11.93;14.59;12.58;12.11;13.89;11.85;11.52;20.009;15.833;14.31;17.74;15.298;13.969;18.545;14.865;13.595;17.49;14.105;12.87;16.01810526;12.89105263;11.80368421;15.434;13.91;13.413
1/8/2047;20.19;16.18;14.64;19.93;14.97;13.36;14.59;12.94;12.73;14.46;12.45;11.93;14.59;12.58;12.11;13.89;11.85;11.52;20.009;15.833;14.31;17.74;15.298;13.969;18.545;14.865;13.595;17.49;14.105;12.87;16.01810526;12.89105263;11.80368421;15.434;13.91;13.413
1/9/2047;20.19;16.18;14.64;19.93;14.97;13.36;14.59;12.94;12.73;14.46;12.45;11.93;14.59;12.58;12.11;13.89;11.85;11.52;20.009;15.833;14.31;17.74;15.298;13.969;18.545;14.865;13.595;17.49;14.105;12.87;16.01810526;12.89105263;11.80368421;15.434;13.91;13.413
1/10/2047;20.19;16.18;14.64;19.93;14.97;13.36;14.59;12.94;12.73;14.46;12.45;11.93;14.59;12.58;12.11;13.89;11.85;11.52;20.009;15.833;14.31;17.74;15.298;13.969;18.545;14.865;13.595;17.49;14.105;12.87;16.01810526;12.89105263;11.80368421;15.434;13.91;13.413
1/11/2047;20.19;16.18;14.64;19.93;14.97;13.36;14.59;12.94;12.73;14.46;12.45;11.93;14.59;12.58;12.11;13.89;11.85;11.52;20.009;15.833;14.31;17.74;15.298;13.969;18.545;14.865;13.595;17.49;14.105;12.87;16.01810526;12.89105263;11.80368421;15.434;13.91;13.413
1/12/2047;20.19;16.18;14.64;19.93;14.97;13.36;14.59;12.94;12.73;14.46;12.45;11.93;14.59;12.58;12.11;13.89;11.85;11.52;20.009;15.833;14.31;17.74;15.298;13.969;18.545;14.865;13.595;17.49;14.105;12.87;16.01810526;12.89105263;11.80368421;15.434;13.91;13.413
1/1/2048;20.19;16.18;14.64;19.93;14.97;13.36;14.59;12.94;12.73;14.46;12.45;11.93;14.59;12.58;12.11;13.89;11.85;11.52;20.009;15.833;14.31;17.74;15.298;13.969;18.545;14.865;13.595;17.49;14.105;12.87;16.01810526;12.89105263;11.80368421;15.434;13.91;13.413
1/2/2048;20.19;16.18;14.64;19.93;14.97;13.36;14.59;12.94;12.73;14.46;12.45;11.93;14.59;12.58;12.11;13.89;11.85;11.52;20.009;15.833;14.31;17.74;15.298;13.969;18.545;14.865;13.595;17.49;14.105;12.87;16.01810526;12.89105263;11.80368421;15.434;13.91;13.413
1/3/2048;20.19;16.18;14.64;19.93;14.97;13.36;14.59;12.94;12.73;14.46;12.45;11.93;14.59;12.58;12.11;13.89;11.85;11.52;20.009;15.833;14.31;17.74;15.298;13.969;18.545;14.865;13.595;17.49;14.105;12.87;16.01810526;12.89105263;11.80368421;15.434;13.91;13.413
1/4/2048;20.19;16.18;14.64;19.93;14.97;13.36;14.59;12.94;12.73;14.46;12.45;11.93;14.59;12.58;12.11;13.89;11.85;11.52;20.009;15.833;14.31;17.74;15.298;13.969;18.545;14.865;13.595;17.49;14.105;12.87;16.01810526;12.89105263;11.80368421;15.434;13.91;13.413
1/5/2048;20.19;16.18;14.64;19.93;14.97;13.36;14.59;12.94;12.73;14.46;12.45;11.93;14.59;12.58;12.11;13.89;11.85;11.52;20.009;15.833;14.31;17.74;15.298;13.969;18.545;14.865;13.595;17.49;14.105;12.87;16.01810526;12.89105263;11.80368421;15.434;13.91;13.413
1/6/2048;20.19;16.18;14.64;19.93;14.97;13.36;14.59;12.94;12.73;14.46;12.45;11.93;14.59;12.58;12.11;13.89;11.85;11.52;20.009;15.833;14.31;17.74;15.298;13.969;18.545;14.865;13.595;17.49;14.105;12.87;16.01810526;12.89105263;11.80368421;15.434;13.91;13.413
1/7/2048;20.19;16.18;14.64;19.93;14.97;13.36;14.59;12.94;12.73;14.46;12.45;11.93;14.59;12.58;12.11;13.89;11.85;11.52;20.009;15.833;14.31;17.74;15.298;13.969;18.545;14.865;13.595;17.49;14.105;12.87;16.01810526;12.89105263;11.80368421;15.434;13.91;13.413
1/8/2048;20.19;16.18;14.64;19.93;14.97;13.36;14.59;12.94;12.73;14.46;12.45;11.93;14.59;12.58;12.11;13.89;11.85;11.52;20.009;15.833;14.31;17.74;15.298;13.969;18.545;14.865;13.595;17.49;14.105;12.87;16.01810526;12.89105263;11.80368421;15.434;13.91;13.413
1/9/2048;20.19;16.18;14.64;19.93;14.97;13.36;14.59;12.94;12.73;14.46;12.45;11.93;14.59;12.58;12.11;13.89;11.85;11.52;20.009;15.833;14.31;17.74;15.298;13.969;18.545;14.865;13.595;17.49;14.105;12.87;16.01810526;12.89105263;11.80368421;15.434;13.91;13.413
1/10/2048;20.19;16.18;14.64;19.93;14.97;13.36;14.59;12.94;12.73;14.46;12.45;11.93;14.59;12.58;12.11;13.89;11.85;11.52;20.009;15.833;14.31;17.74;15.298;13.969;18.545;14.865;13.595;17.49;14.105;12.87;16.01810526;12.89105263;11.80368421;15.434;13.91;13.413
1/11/2048;20.19;16.18;14.64;19.93;14.97;13.36;14.59;12.94;12.73;14.46;12.45;11.93;14.59;12.58;12.11;13.89;11.85;11.52;20.009;15.833;14.31;17.74;15.298;13.969;18.545;14.865;13.595;17.49;14.105;12.87;16.01810526;12.89105263;11.80368421;15.434;13.91;13.413
1/12/2048;20.19;16.18;14.64;19.93;14.97;13.36;14.59;12.94;12.73;14.46;12.45;11.93;14.59;12.58;12.11;13.89;11.85;11.52;20.009;15.833;14.31;17.74;15.298;13.969;18.545;14.865;13.595;17.49;14.105;12.87;16.01810526;12.89105263;11.80368421;15.434;13.91;13.413
1/1/2049;20.19;16.18;14.64;19.93;14.97;13.36;14.59;12.94;12.73;14.46;12.45;11.93;14.59;12.58;12.11;13.89;11.85;11.52;20.009;15.833;14.31;17.74;15.298;13.969;18.545;14.865;13.595;17.49;14.105;12.87;16.01810526;12.89105263;11.80368421;15.434;13.91;13.413
1/2/2049;20.19;16.18;14.64;19.93;14.97;13.36;14.59;12.94;12.73;14.46;12.45;11.93;14.59;12.58;12.11;13.89;11.85;11.52;20.009;15.833;14.31;17.74;15.298;13.969;18.545;14.865;13.595;17.49;14.105;12.87;16.01810526;12.89105263;11.80368421;15.434;13.91;13.413
1/3/2049;20.19;16.18;14.64;19.93;14.97;13.36;14.59;12.94;12.73;14.46;12.45;11.93;14.59;12.58;12.11;13.89;11.85;11.52;20.009;15.833;14.31;17.74;15.298;13.969;18.545;14.865;13.595;17.49;14.105;12.87;16.01810526;12.89105263;11.80368421;15.434;13.91;13.413
1/4/2049;20.19;16.18;14.64;19.93;14.97;13.36;14.59;12.94;12.73;14.46;12.45;11.93;14.59;12.58;12.11;13.89;11.85;11.52;20.009;15.833;14.31;17.74;15.298;13.969;18.545;14.865;13.595;17.49;14.105;12.87;16.01810526;12.89105263;11.80368421;15.434;13.91;13.413
1/5/2049;20.19;16.18;14.64;19.93;14.97;13.36;14.59;12.94;12.73;14.46;12.45;11.93;14.59;12.58;12.11;13.89;11.85;11.52;20.009;15.833;14.31;17.74;15.298;13.969;18.545;14.865;13.595;17.49;14.105;12.87;16.01810526;12.89105263;11.80368421;15.434;13.91;13.413
1/6/2049;20.19;16.18;14.64;19.93;14.97;13.36;14.59;12.94;12.73;14.46;12.45;11.93;14.59;12.58;12.11;13.89;11.85;11.52;20.009;15.833;14.31;17.74;15.298;13.969;18.545;14.865;13.595;17.49;14.105;12.87;16.01810526;12.89105263;11.80368421;15.434;13.91;13.413
1/7/2049;20.19;16.18;14.64;19.93;14.97;13.36;14.59;12.94;12.73;14.46;12.45;11.93;14.59;12.58;12.11;13.89;11.85;11.52;20.009;15.833;14.31;17.74;15.298;13.969;18.545;14.865;13.595;17.49;14.105;12.87;16.01810526;12.89105263;11.80368421;15.434;13.91;13.413
1/8/2049;20.19;16.18;14.64;19.93;14.97;13.36;14.59;12.94;12.73;14.46;12.45;11.93;14.59;12.58;12.11;13.89;11.85;11.52;20.009;15.833;14.31;17.74;15.298;13.969;18.545;14.865;13.595;17.49;14.105;12.87;16.01810526;12.89105263;11.80368421;15.434;13.91;13.413
1/9/2049;20.19;16.18;14.64;19.93;14.97;13.36;14.59;12.94;12.73;14.46;12.45;11.93;14.59;12.58;12.11;13.89;11.85;11.52;20.009;15.833;14.31;17.74;15.298;13.969;18.545;14.865;13.595;17.49;14.105;12.87;16.01810526;12.89105263;11.80368421;15.434;13.91;13.413
1/10/2049;20.19;16.18;14.64;19.93;14.97;13.36;14.59;12.94;12.73;14.46;12.45;11.93;14.59;12.58;12.11;13.89;11.85;11.52;20.009;15.833;14.31;17.74;15.298;13.969;18.545;14.865;13.595;17.49;14.105;12.87;16.01810526;12.89105263;11.80368421;15.434;13.91;13.413
1/11/2049;20.19;16.18;14.64;19.93;14.97;13.36;14.59;12.94;12.73;14.46;12.45;11.93;14.59;12.58;12.11;13.89;11.85;11.52;20.009;15.833;14.31;17.74;15.298;13.969;18.545;14.865;13.595;17.49;14.105;12.87;16.01810526;12.89105263;11.80368421;15.434;13.91;13.413
1/12/2049;20.19;16.18;14.64;19.93;14.97;13.36;14.59;12.94;12.73;14.46;12.45;11.93;14.59;12.58;12.11;13.89;11.85;11.52;20.009;15.833;14.31;17.74;15.298;13.969;18.545;14.865;13.595;17.49;14.105;12.87;16.01810526;12.89105263;11.80368421;15.434;13.91;13.413
1/1/2050;20.19;16.18;14.64;19.93;14.97;13.36;14.59;12.94;12.73;14.46;12.45;11.93;14.59;12.58;12.11;13.89;11.85;11.52;20.009;15.833;14.31;17.74;15.298;13.969;18.545;14.865;13.595;17.49;14.105;12.87;16.01810526;12.89105263;11.80368421;15.434;13.91;13.413
1/2/2050;20.19;16.18;14.64;19.93;14.97;13.36;14.59;12.94;12.73;14.46;12.45;11.93;14.59;12.58;12.11;13.89;11.85;11.52;20.009;15.833;14.31;17.74;15.298;13.969;18.545;14.865;13.595;17.49;14.105;12.87;16.01810526;12.89105263;11.80368421;15.434;13.91;13.413
1/3/2050;20.19;16.18;14.64;19.93;14.97;13.36;14.59;12.94;12.73;14.46;12.45;11.93;14.59;12.58;12.11;13.89;11.85;11.52;20.009;15.833;14.31;17.74;15.298;13.969;18.545;14.865;13.595;17.49;14.105;12.87;16.01810526;12.89105263;11.80368421;15.434;13.91;13.413
1/4/2050;20.19;16.18;14.64;19.93;14.97;13.36;14.59;12.94;12.73;14.46;12.45;11.93;14.59;12.58;12.11;13.89;11.85;11.52;20.009;15.833;14.31;17.74;15.298;13.969;18.545;14.865;13.595;17.49;14.105;12.87;16.01810526;12.89105263;11.80368421;15.434;13.91;13.413
1/5/2050;20.19;16.18;14.64;19.93;14.97;13.36;14.59;12.94;12.73;14.46;12.45;11.93;14.59;12.58;12.11;13.89;11.85;11.52;20.009;15.833;14.31;17.74;15.298;13.969;18.545;14.865;13.595;17.49;14.105;12.87;16.01810526;12.89105263;11.80368421;15.434;13.91;13.413
1/6/2050;20.19;16.18;14.64;19.93;14.97;13.36;14.59;12.94;12.73;14.46;12.45;11.93;14.59;12.58;12.11;13.89;11.85;11.52;20.009;15.833;14.31;17.74;15.298;13.969;18.545;14.865;13.595;17.49;14.105;12.87;16.01810526;12.89105263;11.80368421;15.434;13.91;13.413
1/7/2050;20.19;16.18;14.64;19.93;14.97;13.36;14.59;12.94;12.73;14.46;12.45;11.93;14.59;12.58;12.11;13.89;11.85;11.52;20.009;15.833;14.31;17.74;15.298;13.969;18.545;14.865;13.595;17.49;14.105;12.87;16.01810526;12.89105263;11.80368421;15.434;13.91;13.413
1/8/2050;20.19;16.18;14.64;19.93;14.97;13.36;14.59;12.94;12.73;14.46;12.45;11.93;14.59;12.58;12.11;13.89;11.85;11.52;20.009;15.833;14.31;17.74;15.298;13.969;18.545;14.865;13.595;17.49;14.105;12.87;16.01810526;12.89105263;11.80368421;15.434;13.91;13.413
1/9/2050;20.19;16.18;14.64;19.93;14.97;13.36;14.59;12.94;12.73;14.46;12.45;11.93;14.59;12.58;12.11;13.89;11.85;11.52;20.009;15.833;14.31;17.74;15.298;13.969;18.545;14.865;13.595;17.49;14.105;12.87;16.01810526;12.89105263;11.80368421;15.434;13.91;13.413
1/10/2050;20.19;16.18;14.64;19.93;14.97;13.36;14.59;12.94;12.73;14.46;12.45;11.93;14.59;12.58;12.11;13.89;11.85;11.52;20.009;15.833;14.31;17.74;15.298;13.969;18.545;14.865;13.595;17.49;14.105;12.87;16.01810526;12.89105263;11.80368421;15.434;13.91;13.413
1/11/2050;20.19;16.18;14.64;19.93;14.97;13.36;14.59;12.94;12.73;14.46;12.45;11.93;14.59;12.58;12.11;13.89;11.85;11.52;20.009;15.833;14.31;17.74;15.298;13.969;18.545;14.865;13.595;17.49;14.105;12.87;16.01810526;12.89105263;11.80368421;15.434;13.91;13.413
1/12/2050;20.19;16.18;14.64;19.93;14.97;13.36;14.59;12.94;12.73;14.46;12.45;11.93;14.59;12.58;12.11;13.89;11.85;11.52;20.009;15.833;14.31;17.74;15.298;13.969;18.545;14.865;13.595;17.49;14.105;12.87;16.01810526;12.89105263;11.80368421;15.434;13.91;13.413
