Date,"1A, 0.90","1A, 0.95","1A, 0.97","2A, 0.90","2A, 0.95","2A, 0.97","3A, 0.90","3A, 0.95","3A, 0.97","3B, 0.90","3B, 0.95","3B, 0.97","4A, 0.90","4A, 0.95","4A, 0.97","4B, 0.90","4B, 0.95","4B, 0.97","5A, 0.90","5A, 0.95","5A, 0.97","5B, 0.90","5B, 0.95","5B, 0.97","6A, 0.90","6A, 0.95","6A, 0.97","6B, 0.90","6B, 0.95","6B, 0.97","6C, 0.90","6C, 0.95","6C, 0.97","7A, 0.90","7A, 0.95","7A, 0.97"
2025-01-01,17.8,14.01,12.55,19.93,14.97,13.36,14.59,12.94,12.73,14.46,12.45,11.93,14.59,12.58,12.11,13.89,11.85,11.52,20.009,15.833,14.31,17.74,15.298,13.969,18.545,14.865,13.595,17.49,14.105,12.87,16.01810526,12.89105263,11.80368421,15.434,13.91,13.413
2025-02-01,17.8,14.01,12.55,19.93,14.97,13.36,14.59,12.94,12.73,14.46,12.45,11.93,14.59,12.58,12.11,13.89,11.85,11.52,20.009,15.833,14.31,17.74,15.298,13.969,18.545,14.865,13.595,17.49,14.105,12.87,16.01810526,12.89105263,11.80368421,15.434,13.91,13.413
2025-03-01,17.8,14.01,12.55,19.93,14.97,13.36,14.59,12.94,12.73,14.46,12.45,11.93,14.59,12.58,12.11,13.89,11.85,11.52,20.009,15.833,14.31,17.74,15.298,13.969,18.545,14.865,13.595,17.49,14.105,12.87,16.01810526,12.89105263,11.80368421,15.434,13.91,13.413
2025-04-01,17.8,14.01,12.55,19.93,14.97,13.36,14.59,12.94,12.73,14.46,12.45,11.93,14.59,12.58,12.11,13.89,11.85,11.52,20.009,15.833,14.31,17.74,15.298,13.969,18.545,14.865,13.595,17.49,14.105,12.87,16.01810526,12.89105263,11.80368421,15.434,13.91,13.413
2025-05-01,17.8,14.01,12.55,19.93,14.97,13.36,14.59,12.94,12.73,14.46,12.45,11.93,14.59,12.58,12.11,13.89,11.85,11.52,20.009,15.833,14.31,17.74,15.298,13.969,18.545,14.865,13.595,17.49,14.105,12.87,16.01810526,12.89105263,11.80368421,15.434,13.91,13.413
2025-06-01,17.8,14.01,12.55,19.93,14.97,13.36,14.59,12.94,12.73,14.46,12.45,11.93,14.59,12.58,12.11,13.89,11.85,11.52,20.009,15.833,14.31,17.74,15.298,13.969,18.545,14.865,13.595,17.49,14.105,12.87,16.01810526,12.89105263,11.80368421,15.434,13.91,13.413
2025-07-01,17.8,14.01,12.55,19.93,14.97,13.36,14.59,12.94,12.73,14.46,12.45,11.93,14.59,12.58,12.11,13.89,11.85,11.52,20.009,15.833,14.31,17.74,15.298,13.969,18.545,14.865,13.595,17.49,14.105,12.87,16.01810526,12.89105263,11.80368421,15.434,13.91,13.413
2025-08-01,17.8,14.01,12.55,19.93,14.97,13.36,14.59,12.94,12.73,14.46,12.45,11.93,14.59,12.58,12.11,13.89,11.85,11.52,20.009,15.833,14.31,17.74,15.298,13.969,18.545,14.865,13.595,17.49,14.105,12.87,16.01810526,12.89105263,11.80368421,15.434,13.91,13.413
2025-09-01,17.8,14.01,12.55,19.93,14.97,13.36,14.59,12.94,12.73,14.46,12.45,11.93,14.59,12.58,12.11,13.89,11.85,11.52,20.009,15.833,14.31,17.74,15.298,13.969,18.545,14.865,13.595,17.49,14.105,12.87,16.01810526,12.89105263,11.80368421,15.434,13.91,13.413
2025-10-01,17.8,14.01,12.55,19.93,14.97,13.36,14.59,12.94,12.73,14.46,12.45,11.93,14.59,12.58,12.11,13.89,11.85,11.52,20.009,15.833,14.31,17.74,15.298,13.969,18.545,14.865,13.595,17.49,14.105,12.87,16.01810526,12.89105263,11.80368421,15.434,13.91,13.413
2025-11-01,17.8,14.01,12.55,19.93,14.97,13.36,14.59,12.94,12.73,14.46,12.45,11.93,14.59,12.58,12.11,13.89,11.85,11.52,20.009,15.833,14.31,17.74,15.298,13.969,18.545,14.865,13.595,17.49,14.105,12.87,16.01810526,12.89105263,11.80368421,15.434,13.91,13.413
2025-12-01,17.8,14.01,12.55,19.93,14.97,13.36,14.59,12.94,12.73,14.46,12.45,11.93,14.59,12.58,12.11,13.89,11.85,11.52,20.009,15.833,14.31,17.74,15.298,13.969,18.545,14.865,13.595,17.49,14.105,12.87,16.01810526,12.89105263,11.80368421,15.434,13.91,13.413
2026-01-01,17.8,14.01,12.55,19.93,14.97,13.36,14.59,12.94,12.73,14.46,12.45,11.93,14.59,12.58,12.11,13.89,11.85,11.52,20.009,15.833,14.31,17.74,15.298,13.969,18.545,14.865,13.595,17.49,14.105,12.87,16.01810526,12.89105263,11.80368421,15.434,13.91,13.413
2026-02-01,17.8,14.01,12.55,19.93,14.97,13.36,14.59,12.94,12.73,14.46,12.45,11.93,14.59,12.58,12.11,13.89,11.85,11.52,20.009,15.833,14.31,17.74,15.298,13.969,18.545,14.865,13.595,17.49,14.105,12.87,16.01810526,12.89105263,11.80368421,15.434,13.91,13.413
2026-03-01,17.8,14.01,12.55,19.93,14.97,13.36,14.59,12.94,12.73,14.46,12.45,11.93,14.59,12.58,12.11,13.89,11.85,11.52,20.009,15.833,14.31,17.74,15.298,13.969,18.545,14.865,13.595,17.49,14.105,12.87,16.01810526,12.89105263,11.80368421,15.434,13.91,13.413
2026-04-01,17.8,14.01,12.55,19.93,14.97,13.36,14.59,12.94,12.73,14.46,12.45,11.93,14.59,12.58,12.11,13.89,11.85,11.52,20.009,15.833,14.31,17.74,15.298,13.969,18.545,14.865,13.595,17.49,14.105,12.87,16.01810526,12.89105263,11.80368421,15.434,13.91,13.413
2026-05-01,17.8,14.01,12.55,19.93,14.97,13.36,14.59,12.94,12.73,14.46,12.45,11.93,14.59,12.58,12.11,13.89,11.85,11.52,20.009,15.833,14.31,17.74,15.298,13.969,18.545,14.865,13.595,17.49,14.105,12.87,16.01810526,12.89105263,11.80368421,15.434,13.91,13.413
2026-06-01,17.8,14.01,12.55,19.93,14.97,13.36,14.59,12.94,12.73,14.46,12.45,11.93,14.59,12.58,12.11,13.89,11.85,11.52,20.009,15.833,14.31,17.74,15.298,13.969,18.545,14.865,13.595,17.49,14.105,12.87,16.01810526,12.89105263,11.80368421,15.434,13.91,13.413
2026-07-01,17.8,14.01,12.55,19.93,14.97,13.36,14.59,12.94,12.73,14.46,12.45,11.93,14.59,12.58,12.11,13.89,11.85,11.52,20.009,15.833,14.31,17.74,15.298,13.969,18.545,14.865,13.595,17.49,14.105,12.87,16.01810526,12.89105263,11.80368421,15.434,13.91,13.413
2026-08-01,17.8,14.01,12.55,19.93,14.97,13.36,14.59,12.94,12.73,14.46,12.45,11.93,14.59,12.58,12.11,13.89,11.85,11.52,20.009,15.833,14.31,17.74,15.298,13.969,18.545,14.865,13.595,17.49,14.105,12.87,16.01810526,12.89105263,11.80368421,15.434,13.91,13.413
2026-09-01,17.8,14.01,12.55,19.93,14.97,13.36,14.59,12.94,12.73,14.46,12.45,11.93,14.59,12.58,12.11,13.89,11.85,11.52,20.009,15.833,14.31,17.74,15.298,13.969,18.545,14.865,13.595,17.49,14.105,12.87,16.01810526,12.89105263,11.80368421,15.434,13.91,13.413
2026-10-01,17.8,14.01,12.55,19.93,14.97,13.36,14.59,12.94,12.73,14.46,12.45,11.93,14.59,12.58,12.11,13.89,11.85,11.52,20.009,15.833,14.31,17.74,15.298,13.969,18.545,14.865,13.595,17.49,14.105,12.87,16.01810526,12.89105263,11.80368421,15.434,13.91,13.413
2026-11-01,17.8,14.01,12.55,19.93,14.97,13.36,14.59,12.94,12.73,14.46,12.45,11.93,14.59,12.58,12.11,13.89,11.85,11.52,20.009,15.833,14.31,17.74,15.298,13.969,18.545,14.865,13.595,17.49,14.105,12.87,16.01810526,12.89105263,11.80368421,15.434,13.91,13.413
2026-12-01,17.8,14.01,12.55,19.93,14.97,13.36,14.59,12.94,12.73,14.46,12.45,11.93,14.59,12.58,12.11,13.89,11.85,11.52,20.009,15.833,14.31,17.74,15.298,13.969,18.545,14.865,13.595,17.49,14.105,12.87,16.01810526,12.89105263,11.80368421,15.434,13.91,13.413
2027-01-01,17.8,14.01,12.55,19.93,14.97,13.36,14.59,12.94,12.73,14.46,12.45,11.93,14.59,12.58,12.11,13.89,11.85,11.52,20.009,15.833,14.31,17.74,15.298,13.969,18.545,14.865,13.595,17.49,14.105,12.87,16.01810526,12.89105263,11.80368421,15.434,13.91,13.413
2027-02-01,17.8,14.01,12.55,19.93,14.97,13.36,14.59,12.94,12.73,14.46,12.45,11.93,14.59,12.58,12.11,13.89,11.85,11.52,20.009,15.833,14.31,17.74,15.298,13.969,18.545,14.865,13.595,17.49,14.105,12.87,16.01810526,12.89105263,11.80368421,15.434,13.91,13.413
2027-03-01,17.8,14.01,12.55,19.93,14.97,13.36,14.59,12.94,12.73,14.46,12.45,11.93,14.59,12.58,12.11,13.89,11.85,11.52,20.009,15.833,14.31,17.74,15.298,13.969,18.545,14.865,13.595,17.49,14.105,12.87,16.01810526,12.89105263,11.80368421,15.434,13.91,13.413
2027-04-01,17.8,14.01,12.55,19.93,14.97,13.36,14.59,12.94,12.73,14.46,12.45,11.93,14.59,12.58,12.11,13.89,11.85,11.52,20.009,15.833,14.31,17.74,15.298,13.969,18.545,14.865,13.595,17.49,14.105,12.87,16.01810526,12.89105263,11.80368421,15.434,13.91,13.413
2027-05-01,17.8,14.01,12.55,19.93,14.97,13.36,14.59,12.94,12.73,14.46,12.45,11.93,14.59,12.58,12.11,13.89,11.85,11.52,20.009,15.833,14.31,17.74,15.298,13.969,18.545,14.865,13.595,17.49,14.105,12.87,16.01810526,12.89105263,11.80368421,15.434,13.91,13.413
2027-06-01,17.8,14.01,12.55,19.93,14.97,13.36,14.59,12.94,12.73,14.46,12.45,11.93,14.59,12.58,12.11,13.89,11.85,11.52,20.009,15.833,14.31,17.74,15.298,13.969,18.545,14.865,13.595,17.49,14.105,12.87,16.01810526,12.89105263,11.80368421,15.434,13.91,13.413
2027-07-01,17.8,14.01,12.55,19.93,14.97,13.36,14.59,12.94,12.73,14.46,12.45,11.93,14.59,12.58,12.11,13.89,11.85,11.52,20.009,15.833,14.31,17.74,15.298,13.969,18.545,14.865,13.595,17.49,14.105,12.87,16.01810526,12.89105263,11.80368421,15.434,13.91,13.413
2027-08-01,17.8,14.01,12.55,19.93,14.97,13.36,14.59,12.94,12.73,14.46,12.45,11.93,14.59,12.58,12.11,13.89,11.85,11.52,20.009,15.833,14.31,17.74,15.298,13.969,18.545,14.865,13.595,17.49,14.105,12.87,16.01810526,12.89105263,11.80368421,15.434,13.91,13.413
2027-09-01,17.8,14.01,12.55,19.93,14.97,13.36,14.59,12.94,12.73,14.46,12.45,11.93,14.59,12.58,12.11,13.89,11.85,11.52,20.009,15.833,14.31,17.74,15.298,13.969,18.545,14.865,13.595,17.49,14.105,12.87,16.01810526,12.89105263,11.80368421,15.434,13.91,13.413
2027-10-01,17.8,14.01,12.55,19.93,14.97,13.36,14.59,12.94,12.73,14.46,12.45,11.93,14.59,12.58,12.11,13.89,11.85,11.52,20.009,15.833,14.31,17.74,15.298,13.969,18.545,14.865,13.595,17.49,14.105,12.87,16.01810526,12.89105263,11.80368421,15.434,13.91,13.413
2027-11-01,17.8,14.01,12.55,19.93,14.97,13.36,14.59,12.94,12.73,14.46,12.45,11.93,14.59,12.58,12.11,13.89,11.85,11.52,20.009,15.833,14.31,17.74,15.298,13.969,18.545,14.865,13.595,17.49,14.105,12.87,16.01810526,12.89105263,11.80368421,15.434,13.91,13.413
2027-12-01,17.8,14.01,12.55,19.93,14.97,13.36,14.59,12.94,12.73,14.46,12.45,11.93,14.59,12.58,12.11,13.89,11.85,11.52,20.009,15.833,14.31,17.74,15.298,13.969,18.545,14.865,13.595,17.49,14.105,12.87,16.01810526,12.89105263,11.80368421,15.434,13.91,13.413
2028-01-01,20.19,16.18,14.64,19.93,14.97,13.36,14.59,12.94,12.73,14.46,12.45,11.93,14.59,12.58,12.11,13.89,11.85,11.52,20.009,15.833,14.31,17.74,15.298,13.969,18.545,14.865,13.595,17.49,14.105,12.87,16.01810526,12.89105263,11.80368421,15.434,13.91,13.413
2028-02-01,20.19,16.18,14.64,19.93,14.97,13.36,14.59,12.94,12.73,14.46,12.45,11.93,14.59,12.58,12.11,13.89,11.85,11.52,20.009,15.833,14.31,17.74,15.298,13.969,18.545,14.865,13.595,17.49,14.105,12.87,16.01810526,12.89105263,11.80368421,15.434,13.91,13.413
2028-03-01,20.19,16.18,14.64,19.93,14.97,13.36,14.59,12.94,12.73,14.46,12.45,11.93,14.59,12.58,12.11,13.89,11.85,11.52,20.009,15.833,14.31,17.74,15.298,13.969,18.545,14.865,13.595,17.49,14.105,12.87,16.01810526,12.89105263,11.80368421,15.434,13.91,13.413
2028-04-01,20.19,16.18,14.64,19.93,14.97,13.36,14.59,12.94,12.73,14.46,12.45,11.93,14.59,12.58,12.11,13.89,11.85,11.52,20.009,15.833,14.31,17.74,15.298,13.969,18.545,14.865,13.595,17.49,14.105,12.87,16.01810526,12.89105263,11.80368421,15.434,13.91,13.413
2028-05-01,20.19,16.18,14.64,19.93,14.97,13.36,14.59,12.94,12.73,14.46,12.45,11.93,14.59,12.58,12.11,13.89,11.85,11.52,20.009,15.833,14.31,17.74,15.298,13.969,18.545,14.865,13.595,17.49,14.105,12.87,16.01810526,12.89105263,11.80368421,15.434,13.91,13.413
2028-06-01,20.19,16.18,14.64,19.93,14.97,13.36,14.59,12.94,12.73,14.46,12.45,11.93,14.59,12.58,12.11,13.89,11.85,11.52,20.009,15.833,14.31,17.74,15.298,13.969,18.545,14.865,13.595,17.49,14.105,12.87,16.01810526,12.89105263,11.80368421,15.434,13.91,13.413
2028-07-01,20.19,16.18,14.64,19.93,14.97,13.36,14.59,12.94,12.73,14.46,12.45,11.93,14.59,12.58,12.11,13.89,11.85,11.52,20.009,15.833,14.31,17.74,15.298,13.969,18.545,14.865,13.595,17.49,14.105,12.87,16.01810526,12.89105263,11.80368421,15.434,13.91,13.413
2028-08-01,20.19,16.18,14.64,19.93,14.97,13.36,14.59,12.94,12.73,14.46,12.45,11.93,14.59,12.58,12.11,13.89,11.85,11.52,20.009,15.833,14.31,17.74,15.298,13.969,18.545,14.865,13.595,17.49,14.105,12.87,16.01810526,12.89105263,11.80368421,15.434,13.91,13.413
2028-09-01,20.19,16.18,14.64,19.93,14.97,13.36,14.59,12.94,12.73,14.46,12.45,11.93,14.59,12.58,12.11,13.89,11.85,11.52,20.009,15.833,14.31,17.74,15.298,13.969,18.545,14.865,13.595,17.49,14.105,12.87,16.01810526,12.89105263,11.80368421,15.434,13.91,13.413
2028-10-01,20.19,16.18,14.64,19.93,14.97,13.36,14.59,12.94,12.73,14.46,12.45,11.93,14.59,12.58,12.11,13.89,11.85,11.52,20.009,15.833,14.31,17.74,15.298,13.969,18.545,14.865,13.595,17.49,14.105,12.87,16.01810526,12.89105263,11.80368421,15.434,13.91,13.413
2028-11-01,20.19,16.18,14.64,19.93,14.97,13.36,14.59,12.94,12.73,14.46,12.45,11.93,14.59,12.58,12.11,13.89,11.85,11.52,20.009,15.833,14.31,17.74,15.298,13.969,18.545,14.865,13.595,17.49,14.105,12.87,16.01810526,12.89105263,11.80368421,15.434,13.91,13.413
2028-12-01,20.19,16.18,14.64,19.93,14.97,13.36,14.59,12.94,12.73,14.46,12.45,11.93,14.59,12.58,12.11,13.89,11.85,11.52,20.009,15.833,14.31,17.74,15.298,13.969,18.545,14.865,13.595,17.49,14.105,12.87,16.01810526,12.89105263,11.80368421,15.434,13.91,13.413
2029-01-01,20.19,16.18,14.64,19.93,14.97,13.36,14.59,12.94,12.73,14.46,12.45,11.93,14.59,12.58,12.11,13.89,11.85,11.52,20.009,15.833,14.31,17.74,15.298,13.969,18.545,14.865,13.595,17.49,14.105,12.87,16.01810526,12.89105263,11.80368421,15.434,13.91,13.413
2029-02-01,20.19,16.18,14.64,19.93,14.97,13.36,14.59,12.94,12.73,14.46,12.45,11.93,14.59,12.58,12.11,13.89,11.85,11.52,20.009,15.833,14.31,17.74,15.298,13.969,18.545,14.865,13.595,17.49,14.105,12.87,16.01810526,12.89105263,11.80368421,15.434,13.91,13.413
2029-03-01,20.19,16.18,14.64,19.93,14.97,13.36,14.59,12.94,12.73,14.46,12.45,11.93,14.59,12.58,12.11,13.89,11.85,11.52,20.009,15.833,14.31,17.74,15.298,13.969,18.545,14.865,13.595,17.49,14.105,12.87,16.01810526,12.89105263,11.80368421,15.434,13.91,13.413
2029-04-01,20.19,16.18,14.64,19.93,14.97,13.36,14.59,12.94,12.73,14.46,12.45,11.93,14.59,12.58,12.11,13.89,11.85,11.52,20.009,15.833,14.31,17.74,15.298,13.969,18.545,14.865,13.595,17.49,14.105,12.87,16.01810526,12.89105263,11.80368421,15.434,13.91,13.413
2029-05-01,20.19,16.18,14.64,19.93,14.97,13.36,14.59,12.94,12.73,14.46,12.45,11.93,14.59,12.58,12.11,13.89,11.85,11.52,20.009,15.833,14.31,17.74,15.298,13.969,18.545,14.865,13.595,17.49,14.105,12.87,16.01810526,12.89105263,11.80368421,15.434,13.91,13.413
2029-06-01,20.19,16.18,14.64,19.93,14.97,13.36,14.59,12.94,12.73,14.46,12.45,11.93,14.59,12.58,12.11,13.89,11.85,11.52,20.009,15.833,14.31,17.74,15.298,13.969,18.545,14.865,13.595,17.49,14.105,12.87,16.01810526,12.89105263,11.80368421,15.434,13.91,13.413
2029-07-01,20.19,16.18,14.64,19.93,14.97,13.36,14.59,12.94,12.73,14.46,12.45,11.93,14.59,12.58,12.11,13.89,11.85,11.52,20.009,15.833,14.31,17.74,15.298,13.969,18.545,14.865,13.595,17.49,14.105,12.87,16.01810526,12.89105263,11.80368421,15.434,13.91,13.413
2029-08-01,20.19,16.18,14.64,19.93,14.97,13.36,14.59,12.94,12.73,14.46,12.45,11.93,14.59,12.58,12.11,13.89,11.85,11.52,20.009,15.833,14.31,17.74,15.298,13.969,18.545,14.865,13.595,17.49,14.105,12.87,16.01810526,12.89105263,11.80368421,15.434,13.91,13.413
2029-09-01,20.19,16.18,14.64,19.93,14.97,13.36,14.59,12.94,12.73,14.46,12.45,11.93,14.59,12.58,12.11,13.89,11.85,11.52,20.009,15.833,14.31,17.74,15.298,13.969,18.545,14.865,13.595,17.49,14.105,12.87,16.01810526,12.89105263,11.80368421,15.434,13.91,13.413
2029-10-01,20.19,16.18,14.64,19.93,14.97,13.36,14.59,12.94,12.73,14.46,12.45,11.93,14.59,12.58,12.11,13.89,11.85,11.52,20.009,15.833,14.31,17.74,15.298,13.969,18.545,14.865,13.595,17.49,14.105,12.87,16.01810526,12.89105263,11.80368421,15.434,13.91,13.413
2029-11-01,20.19,16.18,14.64,19.93,14.97,13.36,14.59,12.94,12.73,14.46,12.45,11.93,14.59,12.58,12.11,13.89,11.85,11.52,20.009,15.833,14.31,17.74,15.298,13.969,18.545,14.865,13.595,17.49,14.105,12.87,16.01810526,12.89105263,11.80368421,15.434,13.91,13.413
2029-12-01,20.19,16.18,14.64,19.93,14.97,13.36,14.59,12.94,12.73,14.46,12.45,11.93,14.59,12.58,12.11,13.89,11.85,11.52,20.009,15.833,14.31,17.74,15.298,13.969,18.545,14.865,13.595,17.49,14.105,12.87,16.01810526,12.89105263,11.80368421,15.434,13.91,13.413
2030-01-01,20.19,16.18,14.64,19.93,14.97,13.36,14.59,12.94,12.73,14.46,12.45,11.93,14.59,12.58,12.11,13.89,11.85,11.52,20.009,15.833,14.31,17.74,15.298,13.969,18.545,14.865,13.595,17.49,14.105,12.87,16.01810526,12.89105263,11.80368421,15.434,13.91,13.413
2030-02-01,20.19,16.18,14.64,19.93,14.97,13.36,14.59,12.94,12.73,14.46,12.45,11.93,14.59,12.58,12.11,13.89,11.85,11.52,20.009,15.833,14.31,17.74,15.298,13.969,18.545,14.865,13.595,17.49,14.105,12.87,16.01810526,12.89105263,11.80368421,15.434,13.91,13.413
2030-03-01,20.19,16.18,14.64,19.93,14.97,13.36,14.59,12.94,12.73,14.46,12.45,11.93,14.59,12.58,12.11,13.89,11.85,11.52,20.009,15.833,14.31,17.74,15.298,13.969,18.545,14.865,13.595,17.49,14.105,12.87,16.01810526,12.89105263,11.80368421,15.434,13.91,13.413
2030-04-01,20.19,16.18,14.64,19.93,14.97,13.36,14.59,12.94,12.73,14.46,12.45,11.93,14.59,12.58,12.11,13.89,11.85,11.52,20.009,15.833,14.31,17.74,15.298,13.969,18.545,14.865,13.595,17.49,14.105,12.87,16.01810526,12.89105263,11.80368421,15.434,13.91,13.413
2030-05-01,20.19,16.18,14.64,19.93,14.97,13.36,14.59,12.94,12.73,14.46,12.45,11.93,14.59,12.58,12.11,13.89,11.85,11.52,20.009,15.833,14.31,17.74,15.298,13.969,18.545,14.865,13.595,17.49,14.105,12.87,16.01810526,12.89105263,11.80368421,15.434,13.91,13.413
2030-06-01,20.19,16.18,14.64,19.93,14.97,13.36,14.59,12.94,12.73,14.46,12.45,11.93,14.59,12.58,12.11,13.89,11.85,11.52,20.009,15.833,14.31,17.74,15.298,13.969,18.545,14.865,13.595,17.49,14.105,12.87,16.01810526,12.89105263,11.80368421,15.434,13.91,13.413
2030-07-01,20.19,16.18,14.64,19.93,14.97,13.36,14.59,12.94,12.73,14.46,12.45,11.93,14.59,12.58,12.11,13.89,11.85,11.52,20.009,15.833,14.31,17.74,15.298,13.969,18.545,14.865,13.595,17.49,14.105,12.87,16.01810526,12.89105263,11.80368421,15.434,13.91,13.413
2030-08-01,20.19,16.18,14.64,19.93,14.97,13.36,14.59,12.94,12.73,14.46,12.45,11.93,14.59,12.58,12.11,13.89,11.85,11.52,20.009,15.833,14.31,17.74,15.298,13.969,18.545,14.865,13.595,17.49,14.105,12.87,16.01810526,12.89105263,11.80368421,15.434,13.91,13.413
2030-09-01,20.19,16.18,14.64,19.93,14.97,13.36,14.59,12.94,12.73,14.46,12.45,11.93,14.59,12.58,12.11,13.89,11.85,11.52,20.009,15.833,14.31,17.74,15.298,13.969,18.545,14.865,13.595,17.49,14.105,12.87,16.01810526,12.89105263,11.80368421,15.434,13.91,13.413
2030-10-01,20.19,16.18,14.64,19.93,14.97,13.36,14.59,12.94,12.73,14.46,12.45,11.93,14.59,12.58,12.11,13.89,11.85,11.52,20.009,15.833,14.31,17.74,15.298,13.969,18.545,14.865,13.595,17.49,14.105,12.87,16.01810526,12.89105263,11.80368421,15.434,13.91,13.413
2030-11-01,20.19,16.18,14.64,19.93,14.97,13.36,14.59,12.94,12.73,14.46,12.45,11.93,14.59,12.58,12.11,13.89,11.85,11.52,20.009,15.833,14.31,17.74,15.298,13.969,18.545,14.865,13.595,17.49,14.105,12.87,16.01810526,12.89105263,11.80368421,15.434,13.91,13.413
2030-12-01,20.19,16.18,14.64,19.93,14.97,13.36,14.59,12.94,12.73,14.46,12.45,11.93,14.59,12.58,12.11,13.89,11.85,11.52,20.009,15.833,14.31,17.74,15.298,13.969,18.545,14.865,13.595,17.49,14.105,12.87,16.01810526,12.89105263,11.80368421,15.434,13.91,13.413
2031-01-01,20.19,16.18,14.64,19.93,14.97,13.36,14.59,12.94,12.73,14.46,12.45,11.93,14.59,12.58,12.11,13.89,11.85,11.52,20.009,15.833,14.31,17.74,15.298,13.969,18.545,14.865,13.595,17.49,14.105,12.87,16.01810526,12.89105263,11.80368421,15.434,13.91,13.413
2031-02-01,20.19,16.18,14.64,19.93,14.97,13.36,14.59,12.94,12.73,14.46,12.45,11.93,14.59,12.58,12.11,13.89,11.85,11.52,20.009,15.833,14.31,17.74,15.298,13.969,18.545,14.865,13.595,17.49,14.105,12.87,16.01810526,12.89105263,11.80368421,15.434,13.91,13.413
2031-03-01,20.19,16.18,14.64,19.93,14.97,13.36,14.59,12.94,12.73,14.46,12.45,11.93,14.59,12.58,12.11,13.89,11.85,11.52,20.009,15.833,14.31,17.74,15.298,13.969,18.545,14.865,13.595,17.49,14.105,12.87,16.01810526,12.89105263,11.80368421,15.434,13.91,13.413
2031-04-01,20.19,16.18,14.64,19.93,14.97,13.36,14.59,12.94,12.73,14.46,12.45,11.93,14.59,12.58,12.11,13.89,11.85,11.52,20.009,15.833,14.31,17.74,15.298,13.969,18.545,14.865,13.595,17.49,14.105,12.87,16.01810526,12.89105263,11.80368421,15.434,13.91,13.413
2031-05-01,20.19,16.18,14.64,19.93,14.97,13.36,14.59,12.94,12.73,14.46,12.45,11.93,14.59,12.58,12.11,13.89,11.85,11.52,20.009,15.833,14.31,17.74,15.298,13.969,18.545,14.865,13.595,17.49,14.105,12.87,16.01810526,12.89105263,11.80368421,15.434,13.91,13.413
2031-06-01,20.19,16.18,14.64,19.93,14.97,13.36,14.59,12.94,12.73,14.46,12.45,11.93,14.59,12.58,12.11,13.89,11.85,11.52,20.009,15.833,14.31,17.74,15.298,13.969,18.545,14.865,13.595,17.49,14.105,12.87,16.01810526,12.89105263,11.80368421,15.434,13.91,13.413
2031-07-01,20.19,16.18,14.64,19.93,14.97,13.36,14.59,12.94,12.73,14.46,12.45,11.93,14.59,12.58,12.11,13.89,11.85,11.52,20.009,15.833,14.31,17.74,15.298,13.969,18.545,14.865,13.595,17.49,14.105,12.87,16.01810526,12.89105263,11.80368421,15.434,13.91,13.413
2031-08-01,20.19,16.18,14.64,19.93,14.97,13.36,14.59,12.94,12.73,14.46,12.45,11.93,14.59,12.58,12.11,13.89,11.85,11.52,20.009,15.833,14.31,17.74,15.298,13.969,18.545,14.865,13.595,17.49,14.105,12.87,16.01810526,12.89105263,11.80368421,15.434,13.91,13.413
2031-09-01,20.19,16.18,14.64,19.93,14.97,13.36,14.59,12.94,12.73,14.46,12.45,11.93,14.59,12.58,12.11,13.89,11.85,11.52,20.009,15.833,14.31,17.74,15.298,13.969,18.545,14.865,13.595,17.49,14.105,12.87,16.01810526,12.89105263,11.80368421,15.434,13.91,13.413
2031-10-01,20.19,16.18,14.64,19.93,14.97,13.36,14.59,12.94,12.73,14.46,12.45,11.93,14.59,12.58,12.11,13.89,11.85,11.52,20.009,15.833,14.31,17.74,15.298,13.969,18.545,14.865,13.595,17.49,14.105,12.87,16.01810526,12.89105263,11.80368421,15.434,13.91,13.413
2031-11-01,20.19,16.18,14.64,19.93,14.97,13.36,14.59,12.94,12.73,14.46,12.45,11.93,14.59,12.58,12.11,13.89,11.85,11.52,20.009,15.833,14.31,17.74,15.298,13.969,18.545,14.865,13.595,17.49,14.105,12.87,16.01810526,12.89105263,11.80368421,15.434,13.91,13.413
2031-12-01,20.19,16.18,14.64,19.93,14.97,13.36,14.59,12.94,12.73,14.46,12.45,11.93,14.59,12.58,12.11,13.89,11.85,11.52,20.009,15.833,14.31,17.74,15.298,13.969,18.545,14.865,13.595,17.49,14.105,12.87,16.01810526,12.89105263,11.80368421,15.434,13.91,13.413
2032-01-01,20.19,16.18,14.64,19.93,14.97,13.36,14.59,12.94,12.73,14.46,12.45,11.93,14.59,12.58,12.11,13.89,11.85,11.52,20.009,15.833,14.31,17.74,15.298,13.969,18.545,14.865,13.595,17.49,14.105,12.87,16.01810526,12.89105263,11.80368421,15.434,13.91,13.413
2032-02-01,20.19,16.18,14.64,19.93,14.97,13.36,14.59,12.94,12.73,14.46,12.45,11.93,14.59,12.58,12.11,13.89,11.85,11.52,20.009,15.833,14.31,17.74,15.298,13.969,18.545,14.865,13.595,17.49,14.105,12.87,16.01810526,12.89105263,11.80368421,15.434,13.91,13.413
2032-03-01,20.19,16.18,14.64,19.93,14.97,13.36,14.59,12.94,12.73,14.46,12.45,11.93,14.59,12.58,12.11,13.89,11.85,11.52,20.009,15.833,14.31,17.74,15.298,13.969,18.545,14.865,13.595,17.49,14.105,12.87,16.01810526,12.89105263,11.80368421,15.434,13.91,13.413
2032-04-01,20.19,16.18,14.64,19.93,14.97,13.36,14.59,12.94,12.73,14.46,12.45,11.93,14.59,12.58,12.11,13.89,11.85,11.52,20.009,15.833,14.31,17.74,15.298,13.969,18.545,14.865,13.595,17.49,14.105,12.87,16.01810526,12.89105263,11.80368421,15.434,13.91,13.413
2032-05-01,20.19,16.18,14.64,19.93,14.97,13.36,14.59,12.94,12.73,14.46,12.45,11.93,14.59,12.58,12.11,13.89,11.85,11.52,20.009,15.833,14.31,17.74,15.298,13.969,18.545,14.865,13.595,17.49,14.105,12.87,16.01810526,12.89105263,11.80368421,15.434,13.91,13.413
2032-06-01,20.19,16.18,14.64,19.93,14.97,13.36,14.59,12.94,12.73,14.46,12.45,11.93,14.59,12.58,12.11,13.89,11.85,11.52,20.009,15.833,14.31,17.74,15.298,13.969,18.545,14.865,13.595,17.49,14.105,12.87,16.01810526,12.89105263,11.80368421,15.434,13.91,13.413
2032-07-01,20.19,16.18,14.64,19.93,14.97,13.36,14.59,12.94,12.73,14.46,12.45,11.93,14.59,12.58,12.11,13.89,11.85,11.52,20.009,15.833,14.31,17.74,15.298,13.969,18.545,14.865,13.595,17.49,14.105,12.87,16.01810526,12.89105263,11.80368421,15.434,13.91,13.413
2032-08-01,20.19,16.18,14.64,19.93,14.97,13.36,14.59,12.94,12.73,14.46,12.45,11.93,14.59,12.58,12.11,13.89,11.85,11.52,20.009,15.833,14.31,17.74,15.298,13.969,18.545,14.865,13.595,17.49,14.105,12.87,16.01810526,12.89105263,11.80368421,15.434,13.91,13.413
2032-09-01,20.19,16.18,14.64,19.93,14.97,13.36,14.59,12.94,12.73,14.46,12.45,11.93,14.59,12.58,12.11,13.89,11.85,11.52,20.009,15.833,14.31,17.74,15.298,13.969,18.545,14.865,13.595,17.49,14.105,12.87,16.01810526,12.89105263,11.80368421,15.434,13.91,13.413
2032-10-01,20.19,16.18,14.64,19.93,14.97,13.36,14.59,12.94,12.73,14.46,12.45,11.93,14.59,12.58,12.11,13.89,11.85,11.52,20.009,15.833,14.31,17.74,15.298,13.969,18.545,14.865,13.595,17.49,14.105,12.87,16.01810526,12.89105263,11.80368421,15.434,13.91,13.413
2032-11-01,20.19,16.18,14.64,19.93,14.97,13.36,14.59,12.94,12.73,14.46,12.45,11.93,14.59,12.58,12.11,13.89,11.85,11.52,20.009,15.833,14.31,17.74,15.298,13.969,18.545,14.865,13.595,17.49,14.105,12.87,16.01810526,12.89105263,11.80368421,15.434,13.91,13.413
2032-12-01,20.19,16.18,14.64,19.93,14.97,13.36,14.59,12.94,12.73,14.46,12.45,11.93,14.59,12.58,12.11,13.89,11.85,11.52,20.009,15.833,14.31,17.74,15.298,13.969,18.545,14.865,13.595,17.49,14.105,12.87,16.01810526,12.89105263,11.80368421,15.434,13.91,13.413
2033-01-01,20.19,16.18,14.64,19.93,14.97,13.36,14.59,12.94,12.73,14.46,12.45,11.93,14.59,12.58,12.11,13.89,11.85,11.52,20.009,15.833,14.31,17.74,15.298,13.969,18.545,14.865,13.595,17.49,14.105,12.87,16.01810526,12.89105263,11.80368421,15.434,13.91,13.413
2033-02-01,20.19,16.18,14.64,19.93,14.97,13.36,14.59,12.94,12.73,14.46,12.45,11.93,14.59,12.58,12.11,13.89,11.85,11.52,20.009,15.833,14.31,17.74,15.298,13.969,18.545,14.865,13.595,17.49,14.105,12.87,16.01810526,12.89105263,11.80368421,15.434,13.91,13.413
2033-03-01,20.19,16.18,14.64,19.93,14.97,13.36,14.59,12.94,12.73,14.46,12.45,11.93,14.59,12.58,12.11,13.89,11.85,11.52,20.009,15.833,14.31,17.74,15.298,13.969,18.545,14.865,13.595,17.49,14.105,12.87,16.01810526,12.89105263,11.80368421,15.434,13.91,13.413
2033-04-01,20.19,16.18,14.64,19.93,14.97,13.36,14.59,12.94,12.73,14.46,12.45,11.93,14.59,12.58,12.11,13.89,11.85,11.52,20.009,15.833,14.31,17.74,15.298,13.969,18.545,14.865,13.595,17.49,14.105,12.87,16.01810526,12.89105263,11.80368421,15.434,13.91,13.413
2033-05-01,20.19,16.18,14.64,19.93,14.97,13.36,14.59,12.94,12.73,14.46,12.45,11.93,14.59,12.58,12.11,13.89,11.85,11.52,20.009,15.833,14.31,17.74,15.298,13.969,18.545,14.865,13.595,17.49,14.105,12.87,16.01810526,12.89105263,11.80368421,15.434,13.91,13.413
2033-06-01,20.19,16.18,14.64,19.93,14.97,13.36,14.59,12.94,12.73,14.46,12.45,11.93,14.59,12.58,12.11,13.89,11.85,11.52,20.009,15.833,14.31,17.74,15.298,13.969,18.545,14.865,13.595,17.49,14.105,12.87,16.01810526,12.89105263,11.80368421,15.434,13.91,13.413
2033-07-01,20.19,16.18,14.64,19.93,14.97,13.36,14.59,12.94,12.73,14.46,12.45,11.93,14.59,12.58,12.11,13.89,11.85,11.52,20.009,15.833,14.31,17.74,15.298,13.969,18.545,14.865,13.595,17.49,14.105,12.87,16.01810526,12.89105263,11.80368421,15.434,13.91,13.413
2033-08-01,20.19,16.18,14.64,19.93,14.97,13.36,14.59,12.94,12.73,14.46,12.45,11.93,14.59,12.58,12.11,13.89,11.85,11.52,20.009,15.833,14.31,17.74,15.298,13.969,18.545,14.865,13.595,17.49,14.105,12.87,16.01810526,12.89105263,11.80368421,15.434,13.91,13.413
2033-09-01,20.19,16.18,14.64,19.93,14.97,13.36,14.59,12.94,12.73,14.46,12.45,11.93,14.59,12.58,12.11,13.89,11.85,11.52,20.009,15.833,14.31,17.74,15.298,13.969,18.545,14.865,13.595,17.49,14.105,12.87,16.01810526,12.89105263,11.80368421,15.434,13.91,13.413
2033-10-01,20.19,16.18,14.64,19.93,14.97,13.36,14.59,12.94,12.73,14.46,12.45,11.93,14.59,12.58,12.11,13.89,11.85,11.52,20.009,15.833,14.31,17.74,15.298,13.969,18.545,14.865,13.595,17.49,14.105,12.87,16.01810526,12.89105263,11.80368421,15.434,13.91,13.413
2033-11-01,20.19,16.18,14.64,19.93,14.97,13.36,14.59,12.94,12.73,14.46,12.45,11.93,14.59,12.58,12.11,13.89,11.85,11.52,20.009,15.833,14.31,17.74,15.298,13.969,18.545,14.865,13.595,17.49,14.105,12.87,16.01810526,12.89105263,11.80368421,15.434,13.91,13.413
2033-12-01,20.19,16.18,14.64,19.93,14.97,13.36,14.59,12.94,12.73,14.46,12.45,11.93,14.59,12.58,12.11,13.89,11.85,11.52,20.009,15.833,14.31,17.74,15.298,13.969,18.545,14.865,13.595,17.49,14.105,12.87,16.01810526,12.89105263,11.80368421,15.434,13.91,13.413
2034-01-01,20.19,16.18,14.64,19.93,14.97,13.36,14.59,12.94,12.73,14.46,12.45,11.93,14.59,12.58,12.11,13.89,11.85,11.52,20.009,15.833,14.31,17.74,15.298,13.969,18.545,14.865,13.595,17.49,14.105,12.87,16.01810526,12.89105263,11.80368421,15.434,13.91,13.413
2034-02-01,20.19,16.18,14.64,19.93,14.97,13.36,14.59,12.94,12.73,14.46,12.45,11.93,14.59,12.58,12.11,13.89,11.85,11.52,20.009,15.833,14.31,17.74,15.298,13.969,18.545,14.865,13.595,17.49,14.105,12.87,16.01810526,12.89105263,11.80368421,15.434,13.91,13.413
2034-03-01,20.19,16.18,14.64,19.93,14.97,13.36,14.59,12.94,12.73,14.46,12.45,11.93,14.59,12.58,12.11,13.89,11.85,11.52,20.009,15.833,14.31,17.74,15.298,13.969,18.545,14.865,13.595,17.49,14.105,12.87,16.01810526,12.89105263,11.80368421,15.434,13.91,13.413
2034-04-01,20.19,16.18,14.64,19.93,14.97,13.36,14.59,12.94,12.73,14.46,12.45,11.93,14.59,12.58,12.11,13.89,11.85,11.52,20.009,15.833,14.31,17.74,15.298,13.969,18.545,14.865,13.595,17.49,14.105,12.87,16.01810526,12.89105263,11.80368421,15.434,13.91,13.413
2034-05-01,20.19,16.18,14.64,19.93,14.97,13.36,14.59,12.94,12.73,14.46,12.45,11.93,14.59,12.58,12.11,13.89,11.85,11.52,20.009,15.833,14.31,17.74,15.298,13.969,18.545,14.865,13.595,17.49,14.105,12.87,16.01810526,12.89105263,11.80368421,15.434,13.91,13.413
2034-06-01,20.19,16.18,14.64,19.93,14.97,13.36,14.59,12.94,12.73,14.46,12.45,11.93,14.59,12.58,12.11,13.89,11.85,11.52,20.009,15.833,14.31,17.74,15.298,13.969,18.545,14.865,13.595,17.49,14.105,12.87,16.01810526,12.89105263,11.80368421,15.434,13.91,13.413
2034-07-01,20.19,16.18,14.64,19.93,14.97,13.36,14.59,12.94,12.73,14.46,12.45,11.93,14.59,12.58,12.11,13.89,11.85,11.52,20.009,15.833,14.31,17.74,15.298,13.969,18.545,14.865,13.595,17.49,14.105,12.87,16.01810526,12.89105263,11.80368421,15.434,13.91,13.413
2034-08-01,20.19,16.18,14.64,19.93,14.97,13.36,14.59,12.94,12.73,14.46,12.45,11.93,14.59,12.58,12.11,13.89,11.85,11.52,20.009,15.833,14.31,17.74,15.298,13.969,18.545,14.865,13.595,17.49,14.105,12.87,16.01810526,12.89105263,11.80368421,15.434,13.91,13.413
2034-09-01,20.19,16.18,14.64,19.93,14.97,13.36,14.59,12.94,12.73,14.46,12.45,11.93,14.59,12.58,12.11,13.89,11.85,11.52,20.009,15.833,14.31,17.74,15.298,13.969,18.545,14.865,13.595,17.49,14.105,12.87,16.01810526,12.89105263,11.80368421,15.434,13.91,13.413
2034-10-01,20.19,16.18,14.64,19.93,14.97,13.36,14.59,12.94,12.73,14.46,12.45,11.93,14.59,12.58,12.11,13.89,11.85,11.52,20.009,15.833,14.31,17.74,15.298,13.969,18.545,14.865,13.595,17.49,14.105,12.87,16.01810526,12.89105263,11.80368421,15.434,13.91,13.413
2034-11-01,20.19,16.18,14.64,19.93,14.97,13.36,14.59,12.94,12.73,14.46,12.45,11.93,14.59,12.58,12.11,13.89,11.85,11.52,20.009,15.833,14.31,17.74,15.298,13.969,18.545,14.865,13.595,17.49,14.105,12.87,16.01810526,12.89105263,11.80368421,15.434,13.91,13.413
2034-12-01,20.19,16.18,14.64,19.93,14.97,13.36,14.59,12.94,12.73,14.46,12.45,11.93,14.59,12.58,12.11,13.89,11.85,11.52,20.009,15.833,14.31,17.74,15.298,13.969,18.545,14.865,13.595,17.49,14.105,12.87,16.01810526,12.89105263,11.80368421,15.434,13.91,13.413
2035-01-01,20.19,16.18,14.64,19.93,14.97,13.36,14.59,12.94,12.73,14.46,12.45,11.93,14.59,12.58,12.11,13.89,11.85,11.52,20.009,15.833,14.31,17.74,15.298,13.969,18.545,14.865,13.595,17.49,14.105,12.87,16.01810526,12.89105263,11.80368421,15.434,13.91,13.413
2035-02-01,20.19,16.18,14.64,19.93,14.97,13.36,14.59,12.94,12.73,14.46,12.45,11.93,14.59,12.58,12.11,13.89,11.85,11.52,20.009,15.833,14.31,17.74,15.298,13.969,18.545,14.865,13.595,17.49,14.105,12.87,16.01810526,12.89105263,11.80368421,15.434,13.91,13.413
2035-03-01,20.19,16.18,14.64,19.93,14.97,13.36,14.59,12.94,12.73,14.46,12.45,11.93,14.59,12.58,12.11,13.89,11.85,11.52,20.009,15.833,14.31,17.74,15.298,13.969,18.545,14.865,13.595,17.49,14.105,12.87,16.01810526,12.89105263,11.80368421,15.434,13.91,13.413
2035-04-01,20.19,16.18,14.64,19.93,14.97,13.36,14.59,12.94,12.73,14.46,12.45,11.93,14.59,12.58,12.11,13.89,11.85,11.52,20.009,15.833,14.31,17.74,15.298,13.969,18.545,14.865,13.595,17.49,14.105,12.87,16.01810526,12.89105263,11.80368421,15.434,13.91,13.413
2035-05-01,20.19,16.18,14.64,19.93,14.97,13.36,14.59,12.94,12.73,14.46,12.45,11.93,14.59,12.58,12.11,13.89,11.85,11.52,20.009,15.833,14.31,17.74,15.298,13.969,18.545,14.865,13.595,17.49,14.105,12.87,16.01810526,12.89105263,11.80368421,15.434,13.91,13.413
2035-06-01,20.19,16.18,14.64,19.93,14.97,13.36,14.59,12.94,12.73,14.46,12.45,11.93,14.59,12.58,12.11,13.89,11.85,11.52,20.009,15.833,14.31,17.74,15.298,13.969,18.545,14.865,13.595,17.49,14.105,12.87,16.01810526,12.89105263,11.80368421,15.434,13.91,13.413
2035-07-01,20.19,16.18,14.64,19.93,14.97,13.36,14.59,12.94,12.73,14.46,12.45,11.93,14.59,12.58,12.11,13.89,11.85,11.52,20.009,15.833,14.31,17.74,15.298,13.969,18.545,14.865,13.595,17.49,14.105,12.87,16.01810526,12.89105263,11.80368421,15.434,13.91,13.413
2035-08-01,20.19,16.18,14.64,19.93,14.97,13.36,14.59,12.94,12.73,14.46,12.45,11.93,14.59,12.58,12.11,13.89,11.85,11.52,20.009,15.833,14.31,17.74,15.298,13.969,18.545,14.865,13.595,17.49,14.105,12.87,16.01810526,12.89105263,11.80368421,15.434,13.91,13.413
2035-09-01,20.19,16.18,14.64,19.93,14.97,13.36,14.59,12.94,12.73,14.46,12.45,11.93,14.59,12.58,12.11,13.89,11.85,11.52,20.009,15.833,14.31,17.74,15.298,13.969,18.545,14.865,13.595,17.49,14.105,12.87,16.01810526,12.89105263,11.80368421,15.434,13.91,13.413
2035-10-01,20.19,16.18,14.64,19.93,14.97,13.36,14.59,12.94,12.73,14.46,12.45,11.93,14.59,12.58,12.11,13.89,11.85,11.52,20.009,15.833,14.31,17.74,15.298,13.969,18.545,14.865,13.595,17.49,14.105,12.87,16.01810526,12.89105263,11.80368421,15.434,13.91,13.413
2035-11-01,20.19,16.18,14.64,19.93,14.97,13.36,14.59,12.94,12.73,14.46,12.45,11.93,14.59,12.58,12.11,13.89,11.85,11.52,20.009,15.833,14.31,17.74,15.298,13.969,18.545,14.865,13.595,17.49,14.105,12.87,16.01810526,12.89105263,11.80368421,15.434,13.91,13.413
2035-12-01,20.19,16.18,14.64,19.93,14.97,13.36,14.59,12.94,12.73,14.46,12.45,11.93,14.59,12.58,12.11,13.89,11.85,11.52,20.009,15.833,14.31,17.74,15.298,13.969,18.545,14.865,13.595,17.49,14.105,12.87,16.01810526,12.89105263,11.80368421,15.434,13.91,13.413
2036-01-01,20.19,16.18,14.64,19.93,14.97,13.36,14.59,12.94,12.73,14.46,12.45,11.93,14.59,12.58,12.11,13.89,11.85,11.52,20.009,15.833,14.31,17.74,15.298,13.969,18.545,14.865,13.595,17.49,14.105,12.87,16.01810526,12.89105263,11.80368421,15.434,13.91,13.413
2036-02-01,20.19,16.18,14.64,19.93,14.97,13.36,14.59,12.94,12.73,14.46,12.45,11.93,14.59,12.58,12.11,13.89,11.85,11.52,20.009,15.833,14.31,17.74,15.298,13.969,18.545,14.865,13.595,17.49,14.105,12.87,16.01810526,12.89105263,11.80368421,15.434,13.91,13.413
2036-03-01,20.19,16.18,14.64,19.93,14.97,13.36,14.59,12.94,12.73,14.46,12.45,11.93,14.59,12.58,12.11,13.89,11.85,11.52,20.009,15.833,14.31,17.74,15.298,13.969,18.545,14.865,13.595,17.49,14.105,12.87,16.01810526,12.89105263,11.80368421,15.434,13.91,13.413
2036-04-01,20.19,16.18,14.64,19.93,14.97,13.36,14.59,12.94,12.73,14.46,12.45,11.93,14.59,12.58,12.11,13.89,11.85,11.52,20.009,15.833,14.31,17.74,15.298,13.969,18.545,14.865,13.595,17.49,14.105,12.87,16.01810526,12.89105263,11.80368421,15.434,13.91,13.413
2036-05-01,20.19,16.18,14.64,19.93,14.97,13.36,14.59,12.94,12.73,14.46,12.45,11.93,14.59,12.58,12.11,13.89,11.85,11.52,20.009,15.833,14.31,17.74,15.298,13.969,18.545,14.865,13.595,17.49,14.105,12.87,16.01810526,12.89105263,11.80368421,15.434,13.91,13.413
2036-06-01,20.19,16.18,14.64,19.93,14.97,13.36,14.59,12.94,12.73,14.46,12.45,11.93,14.59,12.58,12.11,13.89,11.85,11.52,20.009,15.833,14.31,17.74,15.298,13.969,18.545,14.865,13.595,17.49,14.105,12.87,16.01810526,12.89105263,11.80368421,15.434,13.91,13.413
2036-07-01,20.19,16.18,14.64,19.93,14.97,13.36,14.59,12.94,12.73,14.46,12.45,11.93,14.59,12.58,12.11,13.89,11.85,11.52,20.009,15.833,14.31,17.74,15.298,13.969,18.545,14.865,13.595,17.49,14.105,12.87,16.01810526,12.89105263,11.80368421,15.434,13.91,13.413
2036-08-01,20.19,16.18,14.64,19.93,14.97,13.36,14.59,12.94,12.73,14.46,12.45,11.93,14.59,12.58,12.11,13.89,11.85,11.52,20.009,15.833,14.31,17.74,15.298,13.969,18.545,14.865,13.595,17.49,14.105,12.87,16.01810526,12.89105263,11.80368421,15.434,13.91,13.413
2036-09-01,20.19,16.18,14.64,19.93,14.97,13.36,14.59,12.94,12.73,14.46,12.45,11.93,14.59,12.58,12.11,13.89,11.85,11.52,20.009,15.833,14.31,17.74,15.298,13.969,18.545,14.865,13.595,17.49,14.105,12.87,16.01810526,12.89105263,11.80368421,15.434,13.91,13.413
2036-10-01,20.19,16.18,14.64,19.93,14.97,13.36,14.59,12.94,12.73,14.46,12.45,11.93,14.59,12.58,12.11,13.89,11.85,11.52,20.009,15.833,14.31,17.74,15.298,13.969,18.545,14.865,13.595,17.49,14.105,12.87,16.01810526,12.89105263,11.80368421,15.434,13.91,13.413
2036-11-01,20.19,16.18,14.64,19.93,14.97,13.36,14.59,12.94,12.73,14.46,12.45,11.93,14.59,12.58,12.11,13.89,11.85,11.52,20.009,15.833,14.31,17.74,15.298,13.969,18.545,14.865,13.595,17.49,14.105,12.87,16.01810526,12.89105263,11.80368421,15.434,13.91,13.413
2036-12-01,20.19,16.18,14.64,19.93,14.97,13.36,14.59,12.94,12.73,14.46,12.45,11.93,14.59,12.58,12.11,13.89,11.85,11.52,20.009,15.833,14.31,17.74,15.298,13.969,18.545,14.865,13.595,17.49,14.105,12.87,16.01810526,12.89105263,11.80368421,15.434,13.91,13.413
2037-01-01,20.19,16.18,14.64,19.93,14.97,13.36,14.59,12.94,12.73,14.46,12.45,11.93,14.59,12.58,12.11,13.89,11.85,11.52,20.009,15.833,14.31,17.74,15.298,13.969,18.545,14.865,13.595,17.49,14.105,12.87,16.01810526,12.89105263,11.80368421,15.434,13.91,13.413
2037-02-01,20.19,16.18,14.64,19.93,14.97,13.36,14.59,12.94,12.73,14.46,12.45,11.93,14.59,12.58,12.11,13.89,11.85,11.52,20.009,15.833,14.31,17.74,15.298,13.969,18.545,14.865,13.595,17.49,14.105,12.87,16.01810526,12.89105263,11.80368421,15.434,13.91,13.413
2037-03-01,20.19,16.18,14.64,19.93,14.97,13.36,14.59,12.94,12.73,14.46,12.45,11.93,14.59,12.58,12.11,13.89,11.85,11.52,20.009,15.833,14.31,17.74,15.298,13.969,18.545,14.865,13.595,17.49,14.105,12.87,16.01810526,12.89105263,11.80368421,15.434,13.91,13.413
2037-04-01,20.19,16.18,14.64,19.93,14.97,13.36,14.59,12.94,12.73,14.46,12.45,11.93,14.59,12.58,12.11,13.89,11.85,11.52,20.009,15.833,14.31,17.74,15.298,13.969,18.545,14.865,13.595,17.49,14.105,12.87,16.01810526,12.89105263,11.80368421,15.434,13.91,13.413
2037-05-01,20.19,16.18,14.64,19.93,14.97,13.36,14.59,12.94,12.73,14.46,12.45,11.93,14.59,12.58,12.11,13.89,11.85,11.52,20.009,15.833,14.31,17.74,15.298,13.969,18.545,14.865,13.595,17.49,14.105,12.87,16.01810526,12.89105263,11.80368421,15.434,13.91,13.413
2037-06-01,20.19,16.18,14.64,19.93,14.97,13.36,14.59,12.94,12.73,14.46,12.45,11.93,14.59,12.58,12.11,13.89,11.85,11.52,20.009,15.833,14.31,17.74,15.298,13.969,18.545,14.865,13.595,17.49,14.105,12.87,16.01810526,12.89105263,11.80368421,15.434,13.91,13.413
2037-07-01,20.19,16.18,14.64,19.93,14.97,13.36,14.59,12.94,12.73,14.46,12.45,11.93,14.59,12.58,12.11,13.89,11.85,11.52,20.009,15.833,14.31,17.74,15.298,13.969,18.545,14.865,13.595,17.49,14.105,12.87,16.01810526,12.89105263,11.80368421,15.434,13.91,13.413
2037-08-01,20.19,16.18,14.64,19.93,14.97,13.36,14.59,12.94,12.73,14.46,12.45,11.93,14.59,12.58,12.11,13.89,11.85,11.52,20.009,15.833,14.31,17.74,15.298,13.969,18.545,14.865,13.595,17.49,14.105,12.87,16.01810526,12.89105263,11.80368421,15.434,13.91,13.413
2037-09-01,20.19,16.18,14.64,19.93,14.97,13.36,14.59,12.94,12.73,14.46,12.45,11.93,14.59,12.58,12.11,13.89,11.85,11.52,20.009,15.833,14.31,17.74,15.298,13.969,18.545,14.865,13.595,17.49,14.105,12.87,16.01810526,12.89105263,11.80368421,15.434,13.91,13.413
2037-10-01,20.19,16.18,14.64,19.93,14.97,13.36,14.59,12.94,12.73,14.46,12.45,11.93,14.59,12.58,12.11,13.89,11.85,11.52,20.009,15.833,14.31,17.74,15.298,13.969,18.545,14.865,13.595,17.49,14.105,12.87,16.01810526,12.89105263,11.80368421,15.434,13.91,13.413
2037-11-01,20.19,16.18,14.64,19.93,14.97,13.36,14.59,12.94,12.73,14.46,12.45,11.93,14.59,12.58,12.11,13.89,11.85,11.52,20.009,15.833,14.31,17.74,15.298,13.969,18.545,14.865,13.595,17.49,14.105,12.87,16.01810526,12.89105263,11.80368421,15.434,13.91,13.413
2037-12-01,20.19,16.18,14.64,19.93,14.97,13.36,14.59,12.94,12.73,14.46,12.45,11.93,14.59,12.58,12.11,13.89,11.85,11.52,20.009,15.833,14.31,17.74,15.298,13.969,18.545,14.865,13.595,17.49,14.105,12.87,16.01810526,12.89105263,11.80368421,15.434,13.91,13.413
2038-01-01,20.19,16.18,14.64,19.93,14.97,13.36,14.59,12.94,12.73,14.46,12.45,11.93,14.59,12.58,12.11,13.89,11.85,11.52,20.009,15.833,14.31,17.74,15.298,13.969,18.545,14.865,13.595,17.49,14.105,12.87,16.01810526,12.89105263,11.80368421,15.434,13.91,13.413
2038-02-01,20.19,16.18,14.64,19.93,14.97,13.36,14.59,12.94,12.73,14.46,12.45,11.93,14.59,12.58,12.11,13.89,11.85,11.52,20.009,15.833,14.31,17.74,15.298,13.969,18.545,14.865,13.595,17.49,14.105,12.87,16.01810526,12.89105263,11.80368421,15.434,13.91,13.413
2038-03-01,20.19,16.18,14.64,19.93,14.97,13.36,14.59,12.94,12.73,14.46,12.45,11.93,14.59,12.58,12.11,13.89,11.85,11.52,20.009,15.833,14.31,17.74,15.298,13.969,18.545,14.865,13.595,17.49,14.105,12.87,16.01810526,12.89105263,11.80368421,15.434,13.91,13.413
2038-04-01,20.19,16.18,14.64,19.93,14.97,13.36,14.59,12.94,12.73,14.46,12.45,11.93,14.59,12.58,12.11,13.89,11.85,11.52,20.009,15.833,14.31,17.74,15.298,13.969,18.545,14.865,13.595,17.49,14.105,12.87,16.01810526,12.89105263,11.80368421,15.434,13.91,13.413
2038-05-01,20.19,16.18,14.64,19.93,14.97,13.36,14.59,12.94,12.73,14.46,12.45,11.93,14.59,12.58,12.11,13.89,11.85,11.52,20.009,15.833,14.31,17.74,15.298,13.969,18.545,14.865,13.595,17.49,14.105,12.87,16.01810526,12.89105263,11.80368421,15.434,13.91,13.413
2038-06-01,20.19,16.18,14.64,19.93,14.97,13.36,14.59,12.94,12.73,14.46,12.45,11.93,14.59,12.58,12.11,13.89,11.85,11.52,20.009,15.833,14.31,17.74,15.298,13.969,18.545,14.865,13.595,17.49,14.105,12.87,16.01810526,12.89105263,11.80368421,15.434,13.91,13.413
2038-07-01,20.19,16.18,14.64,19.93,14.97,13.36,14.59,12.94,12.73,14.46,12.45,11.93,14.59,12.58,12.11,13.89,11.85,11.52,20.009,15.833,14.31,17.74,15.298,13.969,18.545,14.865,13.595,17.49,14.105,12.87,16.01810526,12.89105263,11.80368421,15.434,13.91,13.413
2038-08-01,20.19,16.18,14.64,19.93,14.97,13.36,14.59,12.94,12.73,14.46,12.45,11.93,14.59,12.58,12.11,13.89,11.85,11.52,20.009,15.833,14.31,17.74,15.298,13.969,18.545,14.865,13.595,17.49,14.105,12.87,16.01810526,12.89105263,11.80368421,15.434,13.91,13.413
2038-09-01,20.19,16.18,14.64,19.93,14.97,13.36,14.59,12.94,12.73,14.46,12.45,11.93,14.59,12.58,12.11,13.89,11.85,11.52,20.009,15.833,14.31,17.74,15.298,13.969,18.545,14.865,13.595,17.49,14.105,12.87,16.01810526,12.89105263,11.80368421,15.434,13.91,13.413
2038-10-01,20.19,16.18,14.64,19.93,14.97,13.36,14.59,12.94,12.73,14.46,12.45,11.93,14.59,12.58,12.11,13.89,11.85,11.52,20.009,15.833,14.31,17.74,15.298,13.969,18.545,14.865,13.595,17.49,14.105,12.87,16.01810526,12.89105263,11.80368421,15.434,13.91,13.413
2038-11-01,20.19,16.18,14.64,19.93,14.97,13.36,14.59,12.94,12.73,14.46,12.45,11.93,14.59,12.58,12.11,13.89,11.85,11.52,20.009,15.833,14.31,17.74,15.298,13.969,18.545,14.865,13.595,17.49,14.105,12.87,16.01810526,12.89105263,11.80368421,15.434,13.91,13.413
2038-12-01,20.19,16.18,14.64,19.93,14.97,13.36,14.59,12.94,12.73,14.46,12.45,11.93,14.59,12.58,12.11,13.89,11.85,11.52,20.009,15.833,14.31,17.74,15.298,13.969,18.545,14.865,13.595,17.49,14.105,12.87,16.01810526,12.89105263,11.80368421,15.434,13.91,13.413
2039-01-01,20.19,16.18,14.64,19.93,14.97,13.36,14.59,12.94,12.73,14.46,12.45,11.93,14.59,12.58,12.11,13.89,11.85,11.52,20.009,15.833,14.31,17.74,15.298,13.969,18.545,14.865,13.595,17.49,14.105,12.87,16.01810526,12.89105263,11.80368421,15.434,13.91,13.413
2039-02-01,20.19,16.18,14.64,19.93,14.97,13.36,14.59,12.94,12.73,14.46,12.45,11.93,14.59,12.58,12.11,13.89,11.85,11.52,20.009,15.833,14.31,17.74,15.298,13.969,18.545,14.865,13.595,17.49,14.105,12.87,16.01810526,12.89105263,11.80368421,15.434,13.91,13.413
2039-03-01,20.19,16.18,14.64,19.93,14.97,13.36,14.59,12.94,12.73,14.46,12.45,11.93,14.59,12.58,12.11,13.89,11.85,11.52,20.009,15.833,14.31,17.74,15.298,13.969,18.545,14.865,13.595,17.49,14.105,12.87,16.01810526,12.89105263,11.80368421,15.434,13.91,13.413
2039-04-01,20.19,16.18,14.64,19.93,14.97,13.36,14.59,12.94,12.73,14.46,12.45,11.93,14.59,12.58,12.11,13.89,11.85,11.52,20.009,15.833,14.31,17.74,15.298,13.969,18.545,14.865,13.595,17.49,14.105,12.87,16.01810526,12.89105263,11.80368421,15.434,13.91,13.413
2039-05-01,20.19,16.18,14.64,19.93,14.97,13.36,14.59,12.94,12.73,14.46,12.45,11.93,14.59,12.58,12.11,13.89,11.85,11.52,20.009,15.833,14.31,17.74,15.298,13.969,18.545,14.865,13.595,17.49,14.105,12.87,16.01810526,12.89105263,11.80368421,15.434,13.91,13.413
2039-06-01,20.19,16.18,14.64,19.93,14.97,13.36,14.59,12.94,12.73,14.46,12.45,11.93,14.59,12.58,12.11,13.89,11.85,11.52,20.009,15.833,14.31,17.74,15.298,13.969,18.545,14.865,13.595,17.49,14.105,12.87,16.01810526,12.89105263,11.80368421,15.434,13.91,13.413
2039-07-01,20.19,16.18,14.64,19.93,14.97,13.36,14.59,12.94,12.73,14.46,12.45,11.93,14.59,12.58,12.11,13.89,11.85,11.52,20.009,15.833,14.31,17.74,15.298,13.969,18.545,14.865,13.595,17.49,14.105,12.87,16.01810526,12.89105263,11.80368421,15.434,13.91,13.413
2039-08-01,20.19,16.18,14.64,19.93,14.97,13.36,14.59,12.94,12.73,14.46,12.45,11.93,14.59,12.58,12.11,13.89,11.85,11.52,20.009,15.833,14.31,17.74,15.298,13.969,18.545,14.865,13.595,17.49,14.105,12.87,16.01810526,12.89105263,11.80368421,15.434,13.91,13.413
2039-09-01,20.19,16.18,14.64,19.93,14.97,13.36,14.59,12.94,12.73,14.46,12.45,11.93,14.59,12.58,12.11,13.89,11.85,11.52,20.009,15.833,14.31,17.74,15.298,13.969,18.545,14.865,13.595,17.49,14.105,12.87,16.01810526,12.89105263,11.80368421,15.434,13.91,13.413
2039-10-01,20.19,16.18,14.64,19.93,14.97,13.36,14.59,12.94,12.73,14.46,12.45,11.93,14.59,12.58,12.11,13.89,11.85,11.52,20.009,15.833,14.31,17.74,15.298,13.969,18.545,14.865,13.595,17.49,14.105,12.87,16.01810526,12.89105263,11.80368421,15.434,13.91,13.413
2039-11-01,20.19,16.18,14.64,19.93,14.97,13.36,14.59,12.94,12.73,14.46,12.45,11.93,14.59,12.58,12.11,13.89,11.85,11.52,20.009,15.833,14.31,17.74,15.298,13.969,18.545,14.865,13.595,17.49,14.105,12.87,16.01810526,12.89105263,11.80368421,15.434,13.91,13.413
2039-12-01,20.19,16.18,14.64,19.93,14.97,13.36,14.59,12.94,12.73,14.46,12.45,11.93,14.59,12.58,12.11,13.89,11.85,11.52,20.009,15.833,14.31,17.74,15.298,13.969,18.545,14.865,13.595,17.49,14.105,12.87,16.01810526,12.89105263,11.80368421,15.434,13.91,13.413
2040-01-01,20.19,16.18,14.64,19.93,14.97,13.36,14.59,12.94,12.73,14.46,12.45,11.93,14.59,12.58,12.11,13.89,11.85,11.52,20.009,15.833,14.31,17.74,15.298,13.969,18.545,14.865,13.595,17.49,14.105,12.87,16.01810526,12.89105263,11.80368421,15.434,13.91,13.413
2040-02-01,20.19,16.18,14.64,19.93,14.97,13.36,14.59,12.94,12.73,14.46,12.45,11.93,14.59,12.58,12.11,13.89,11.85,11.52,20.009,15.833,14.31,17.74,15.298,13.969,18.545,14.865,13.595,17.49,14.105,12.87,16.01810526,12.89105263,11.80368421,15.434,13.91,13.413
2040-03-01,20.19,16.18,14.64,19.93,14.97,13.36,14.59,12.94,12.73,14.46,12.45,11.93,14.59,12.58,12.11,13.89,11.85,11.52,20.009,15.833,14.31,17.74,15.298,13.969,18.545,14.865,13.595,17.49,14.105,12.87,16.01810526,12.89105263,11.80368421,15.434,13.91,13.413
2040-04-01,20.19,16.18,14.64,19.93,14.97,13.36,14.59,12.94,12.73,14.46,12.45,11.93,14.59,12.58,12.11,13.89,11.85,11.52,20.009,15.833,14.31,17.74,15.298,13.969,18.545,14.865,13.595,17.49,14.105,12.87,16.01810526,12.89105263,11.80368421,15.434,13.91,13.413
2040-05-01,20.19,16.18,14.64,19.93,14.97,13.36,14.59,12.94,12.73,14.46,12.45,11.93,14.59,12.58,12.11,13.89,11.85,11.52,20.009,15.833,14.31,17.74,15.298,13.969,18.545,14.865,13.595,17.49,14.105,12.87,16.01810526,12.89105263,11.80368421,15.434,13.91,13.413
2040-06-01,20.19,16.18,14.64,19.93,14.97,13.36,14.59,12.94,12.73,14.46,12.45,11.93,14.59,12.58,12.11,13.89,11.85,11.52,20.009,15.833,14.31,17.74,15.298,13.969,18.545,14.865,13.595,17.49,14.105,12.87,16.01810526,12.89105263,11.80368421,15.434,13.91,13.413
2040-07-01,20.19,16.18,14.64,19.93,14.97,13.36,14.59,12.94,12.73,14.46,12.45,11.93,14.59,12.58,12.11,13.89,11.85,11.52,20.009,15.833,14.31,17.74,15.298,13.969,18.545,14.865,13.595,17.49,14.105,12.87,16.01810526,12.89105263,11.80368421,15.434,13.91,13.413
2040-08-01,20.19,16.18,14.64,19.93,14.97,13.36,14.59,12.94,12.73,14.46,12.45,11.93,14.59,12.58,12.11,13.89,11.85,11.52,20.009,15.833,14.31,17.74,15.298,13.969,18.545,14.865,13.595,17.49,14.105,12.87,16.01810526,12.89105263,11.80368421,15.434,13.91,13.413
2040-09-01,20.19,16.18,14.64,19.93,14.97,13.36,14.59,12.94,12.73,14.46,12.45,11.93,14.59,12.58,12.11,13.89,11.85,11.52,20.009,15.833,14.31,17.74,15.298,13.969,18.545,14.865,13.595,17.49,14.105,12.87,16.01810526,12.89105263,11.80368421,15.434,13.91,13.413
2040-10-01,20.19,16.18,14.64,19.93,14.97,13.36,14.59,12.94,12.73,14.46,12.45,11.93,14.59,12.58,12.11,13.89,11.85,11.52,20.009,15.833,14.31,17.74,15.298,13.969,18.545,14.865,13.595,17.49,14.105,12.87,16.01810526,12.89105263,11.80368421,15.434,13.91,13.413
2040-11-01,20.19,16.18,14.64,19.93,14.97,13.36,14.59,12.94,12.73,14.46,12.45,11.93,14.59,12.58,12.11,13.89,11.85,11.52,20.009,15.833,14.31,17.74,15.298,13.969,18.545,14.865,13.595,17.49,14.105,12.87,16.01810526,12.89105263,11.80368421,15.434,13.91,13.413
2040-12-01,20.19,16.18,14.64,19.93,14.97,13.36,14.59,12.94,12.73,14.46,12.45,11.93,14.59,12.58,12.11,13.89,11.85,11.52,20.009,15.833,14.31,17.74,15.298,13.969,18.545,14.865,13.595,17.49,14.105,12.87,16.01810526,12.89105263,11.80368421,15.434,13.91,13.413
2041-01-01,20.19,16.18,14.64,19.93,14.97,13.36,14.59,12.94,12.73,14.46,12.45,11.93,14.59,12.58,12.11,13.89,11.85,11.52,20.009,15.833,14.31,17.74,15.298,13.969,18.545,14.865,13.595,17.49,14.105,12.87,16.01810526,12.89105263,11.80368421,15.434,13.91,13.413
2041-02-01,20.19,16.18,14.64,19.93,14.97,13.36,14.59,12.94,12.73,14.46,12.45,11.93,14.59,12.58,12.11,13.89,11.85,11.52,20.009,15.833,14.31,17.74,15.298,13.969,18.545,14.865,13.595,17.49,14.105,12.87,16.01810526,12.89105263,11.80368421,15.434,13.91,13.413
2041-03-01,20.19,16.18,14.64,19.93,14.97,13.36,14.59,12.94,12.73,14.46,12.45,11.93,14.59,12.58,12.11,13.89,11.85,11.52,20.009,15.833,14.31,17.74,15.298,13.969,18.545,14.865,13.595,17.49,14.105,12.87,16.01810526,12.89105263,11.80368421,15.434,13.91,13.413
2041-04-01,20.19,16.18,14.64,19.93,14.97,13.36,14.59,12.94,12.73,14.46,12.45,11.93,14.59,12.58,12.11,13.89,11.85,11.52,20.009,15.833,14.31,17.74,15.298,13.969,18.545,14.865,13.595,17.49,14.105,12.87,16.01810526,12.89105263,11.80368421,15.434,13.91,13.413
2041-05-01,20.19,16.18,14.64,19.93,14.97,13.36,14.59,12.94,12.73,14.46,12.45,11.93,14.59,12.58,12.11,13.89,11.85,11.52,20.009,15.833,14.31,17.74,15.298,13.969,18.545,14.865,13.595,17.49,14.105,12.87,16.01810526,12.89105263,11.80368421,15.434,13.91,13.413
2041-06-01,20.19,16.18,14.64,19.93,14.97,13.36,14.59,12.94,12.73,14.46,12.45,11.93,14.59,12.58,12.11,13.89,11.85,11.52,20.009,15.833,14.31,17.74,15.298,13.969,18.545,14.865,13.595,17.49,14.105,12.87,16.01810526,12.89105263,11.80368421,15.434,13.91,13.413
2041-07-01,20.19,16.18,14.64,19.93,14.97,13.36,14.59,12.94,12.73,14.46,12.45,11.93,14.59,12.58,12.11,13.89,11.85,11.52,20.009,15.833,14.31,17.74,15.298,13.969,18.545,14.865,13.595,17.49,14.105,12.87,16.01810526,12.89105263,11.80368421,15.434,13.91,13.413
2041-08-01,20.19,16.18,14.64,19.93,14.97,13.36,14.59,12.94,12.73,14.46,12.45,11.93,14.59,12.58,12.11,13.89,11.85,11.52,20.009,15.833,14.31,17.74,15.298,13.969,18.545,14.865,13.595,17.49,14.105,12.87,16.01810526,12.89105263,11.80368421,15.434,13.91,13.413
2041-09-01,20.19,16.18,14.64,19.93,14.97,13.36,14.59,12.94,12.73,14.46,12.45,11.93,14.59,12.58,12.11,13.89,11.85,11.52,20.009,15.833,14.31,17.74,15.298,13.969,18.545,14.865,13.595,17.49,14.105,12.87,16.01810526,12.89105263,11.80368421,15.434,13.91,13.413
2041-10-01,20.19,16.18,14.64,19.93,14.97,13.36,14.59,12.94,12.73,14.46,12.45,11.93,14.59,12.58,12.11,13.89,11.85,11.52,20.009,15.833,14.31,17.74,15.298,13.969,18.545,14.865,13.595,17.49,14.105,12.87,16.01810526,12.89105263,11.80368421,15.434,13.91,13.413
2041-11-01,20.19,16.18,14.64,19.93,14.97,13.36,14.59,12.94,12.73,14.46,12.45,11.93,14.59,12.58,12.11,13.89,11.85,11.52,20.009,15.833,14.31,17.74,15.298,13.969,18.545,14.865,13.595,17.49,14.105,12.87,16.01810526,12.89105263,11.80368421,15.434,13.91,13.413
2041-12-01,20.19,16.18,14.64,19.93,14.97,13.36,14.59,12.94,12.73,14.46,12.45,11.93,14.59,12.58,12.11,13.89,11.85,11.52,20.009,15.833,14.31,17.74,15.298,13.969,18.545,14.865,13.595,17.49,14.105,12.87,16.01810526,12.89105263,11.80368421,15.434,13.91,13.413
2042-01-01,20.19,16.18,14.64,19.93,14.97,13.36,14.59,12.94,12.73,14.46,12.45,11.93,14.59,12.58,12.11,13.89,11.85,11.52,20.009,15.833,14.31,17.74,15.298,13.969,18.545,14.865,13.595,17.49,14.105,12.87,16.01810526,12.89105263,11.80368421,15.434,13.91,13.413
2042-02-01,20.19,16.18,14.64,19.93,14.97,13.36,14.59,12.94,12.73,14.46,12.45,11.93,14.59,12.58,12.11,13.89,11.85,11.52,20.009,15.833,14.31,17.74,15.298,13.969,18.545,14.865,13.595,17.49,14.105,12.87,16.01810526,12.89105263,11.80368421,15.434,13.91,13.413
2042-03-01,20.19,16.18,14.64,19.93,14.97,13.36,14.59,12.94,12.73,14.46,12.45,11.93,14.59,12.58,12.11,13.89,11.85,11.52,20.009,15.833,14.31,17.74,15.298,13.969,18.545,14.865,13.595,17.49,14.105,12.87,16.01810526,12.89105263,11.80368421,15.434,13.91,13.413
2042-04-01,20.19,16.18,14.64,19.93,14.97,13.36,14.59,12.94,12.73,14.46,12.45,11.93,14.59,12.58,12.11,13.89,11.85,11.52,20.009,15.833,14.31,17.74,15.298,13.969,18.545,14.865,13.595,17.49,14.105,12.87,16.01810526,12.89105263,11.80368421,15.434,13.91,13.413
2042-05-01,20.19,16.18,14.64,19.93,14.97,13.36,14.59,12.94,12.73,14.46,12.45,11.93,14.59,12.58,12.11,13.89,11.85,11.52,20.009,15.833,14.31,17.74,15.298,13.969,18.545,14.865,13.595,17.49,14.105,12.87,16.01810526,12.89105263,11.80368421,15.434,13.91,13.413
2042-06-01,20.19,16.18,14.64,19.93,14.97,13.36,14.59,12.94,12.73,14.46,12.45,11.93,14.59,12.58,12.11,13.89,11.85,11.52,20.009,15.833,14.31,17.74,15.298,13.969,18.545,14.865,13.595,17.49,14.105,12.87,16.01810526,12.89105263,11.80368421,15.434,13.91,13.413
2042-07-01,20.19,16.18,14.64,19.93,14.97,13.36,14.59,12.94,12.73,14.46,12.45,11.93,14.59,12.58,12.11,13.89,11.85,11.52,20.009,15.833,14.31,17.74,15.298,13.969,18.545,14.865,13.595,17.49,14.105,12.87,16.01810526,12.89105263,11.80368421,15.434,13.91,13.413
2042-08-01,20.19,16.18,14.64,19.93,14.97,13.36,14.59,12.94,12.73,14.46,12.45,11.93,14.59,12.58,12.11,13.89,11.85,11.52,20.009,15.833,14.31,17.74,15.298,13.969,18.545,14.865,13.595,17.49,14.105,12.87,16.01810526,12.89105263,11.80368421,15.434,13.91,13.413
2042-09-01,20.19,16.18,14.64,19.93,14.97,13.36,14.59,12.94,12.73,14.46,12.45,11.93,14.59,12.58,12.11,13.89,11.85,11.52,20.009,15.833,14.31,17.74,15.298,13.969,18.545,14.865,13.595,17.49,14.105,12.87,16.01810526,12.89105263,11.80368421,15.434,13.91,13.413
2042-10-01,20.19,16.18,14.64,19.93,14.97,13.36,14.59,12.94,12.73,14.46,12.45,11.93,14.59,12.58,12.11,13.89,11.85,11.52,20.009,15.833,14.31,17.74,15.298,13.969,18.545,14.865,13.595,17.49,14.105,12.87,16.01810526,12.89105263,11.80368421,15.434,13.91,13.413
2042-11-01,20.19,16.18,14.64,19.93,14.97,13.36,14.59,12.94,12.73,14.46,12.45,11.93,14.59,12.58,12.11,13.89,11.85,11.52,20.009,15.833,14.31,17.74,15.298,13.969,18.545,14.865,13.595,17.49,14.105,12.87,16.01810526,12.89105263,11.80368421,15.434,13.91,13.413
2042-12-01,20.19,16.18,14.64,19.93,14.97,13.36,14.59,12.94,12.73,14.46,12.45,11.93,14.59,12.58,12.11,13.89,11.85,11.52,20.009,15.833,14.31,17.74,15.298,13.969,18.545,14.865,13.595,17.49,14.105,12.87,16.01810526,12.89105263,11.80368421,15.434,13.91,13.413
2043-01-01,20.19,16.18,14.64,19.93,14.97,13.36,14.59,12.94,12.73,14.46,12.45,11.93,14.59,12.58,12.11,13.89,11.85,11.52,20.009,15.833,14.31,17.74,15.298,13.969,18.545,14.865,13.595,17.49,14.105,12.87,16.01810526,12.89105263,11.80368421,15.434,13.91,13.413
2043-02-01,20.19,16.18,14.64,19.93,14.97,13.36,14.59,12.94,12.73,14.46,12.45,11.93,14.59,12.58,12.11,13.89,11.85,11.52,20.009,15.833,14.31,17.74,15.298,13.969,18.545,14.865,13.595,17.49,14.105,12.87,16.01810526,12.89105263,11.80368421,15.434,13.91,13.413
2043-03-01,20.19,16.18,14.64,19.93,14.97,13.36,14.59,12.94,12.73,14.46,12.45,11.93,14.59,12.58,12.11,13.89,11.85,11.52,20.009,15.833,14.31,17.74,15.298,13.969,18.545,14.865,13.595,17.49,14.105,12.87,16.01810526,12.89105263,11.80368421,15.434,13.91,13.413
2043-04-01,20.19,16.18,14.64,19.93,14.97,13.36,14.59,12.94,12.73,14.46,12.45,11.93,14.59,12.58,12.11,13.89,11.85,11.52,20.009,15.833,14.31,17.74,15.298,13.969,18.545,14.865,13.595,17.49,14.105,12.87,16.01810526,12.89105263,11.80368421,15.434,13.91,13.413
2043-05-01,20.19,16.18,14.64,19.93,14.97,13.36,14.59,12.94,12.73,14.46,12.45,11.93,14.59,12.58,12.11,13.89,11.85,11.52,20.009,15.833,14.31,17.74,15.298,13.969,18.545,14.865,13.595,17.49,14.105,12.87,16.01810526,12.89105263,11.80368421,15.434,13.91,13.413
2043-06-01,20.19,16.18,14.64,19.93,14.97,13.36,14.59,12.94,12.73,14.46,12.45,11.93,14.59,12.58,12.11,13.89,11.85,11.52,20.009,15.833,14.31,17.74,15.298,13.969,18.545,14.865,13.595,17.49,14.105,12.87,16.01810526,12.89105263,11.80368421,15.434,13.91,13.413
2043-07-01,20.19,16.18,14.64,19.93,14.97,13.36,14.59,12.94,12.73,14.46,12.45,11.93,14.59,12.58,12.11,13.89,11.85,11.52,20.009,15.833,14.31,17.74,15.298,13.969,18.545,14.865,13.595,17.49,14.105,12.87,16.01810526,12.89105263,11.80368421,15.434,13.91,13.413
2043-08-01,20.19,16.18,14.64,19.93,14.97,13.36,14.59,12.94,12.73,14.46,12.45,11.93,14.59,12.58,12.11,13.89,11.85,11.52,20.009,15.833,14.31,17.74,15.298,13.969,18.545,14.865,13.595,17.49,14.105,12.87,16.01810526,12.89105263,11.80368421,15.434,13.91,13.413
2043-09-01,20.19,16.18,14.64,19.93,14.97,13.36,14.59,12.94,12.73,14.46,12.45,11.93,14.59,12.58,12.11,13.89,11.85,11.52,20.009,15.833,14.31,17.74,15.298,13.969,18.545,14.865,13.595,17.49,14.105,12.87,16.01810526,12.89105263,11.80368421,15.434,13.91,13.413
2043-10-01,20.19,16.18,14.64,19.93,14.97,13.36,14.59,12.94,12.73,14.46,12.45,11.93,14.59,12.58,12.11,13.89,11.85,11.52,20.009,15.833,14.31,17.74,15.298,13.969,18.545,14.865,13.595,17.49,14.105,12.87,16.01810526,12.89105263,11.80368421,15.434,13.91,13.413
2043-11-01,20.19,16.18,14.64,19.93,14.97,13.36,14.59,12.94,12.73,14.46,12.45,11.93,14.59,12.58,12.11,13.89,11.85,11.52,20.009,15.833,14.31,17.74,15.298,13.969,18.545,14.865,13.595,17.49,14.105,12.87,16.01810526,12.89105263,11.80368421,15.434,13.91,13.413
2043-12-01,20.19,16.18,14.64,19.93,14.97,13.36,14.59,12.94,12.73,14.46,12.45,11.93,14.59,12.58,12.11,13.89,11.85,11.52,20.009,15.833,14.31,17.74,15.298,13.969,18.545,14.865,13.595,17.49,14.105,12.87,16.01810526,12.89105263,11.80368421,15.434,13.91,13.413
2044-01-01,20.19,16.18,14.64,19.93,14.97,13.36,14.59,12.94,12.73,14.46,12.45,11.93,14.59,12.58,12.11,13.89,11.85,11.52,20.009,15.833,14.31,17.74,15.298,13.969,18.545,14.865,13.595,17.49,14.105,12.87,16.01810526,12.89105263,11.80368421,15.434,13.91,13.413
2044-02-01,20.19,16.18,14.64,19.93,14.97,13.36,14.59,12.94,12.73,14.46,12.45,11.93,14.59,12.58,12.11,13.89,11.85,11.52,20.009,15.833,14.31,17.74,15.298,13.969,18.545,14.865,13.595,17.49,14.105,12.87,16.01810526,12.89105263,11.80368421,15.434,13.91,13.413
2044-03-01,20.19,16.18,14.64,19.93,14.97,13.36,14.59,12.94,12.73,14.46,12.45,11.93,14.59,12.58,12.11,13.89,11.85,11.52,20.009,15.833,14.31,17.74,15.298,13.969,18.545,14.865,13.595,17.49,14.105,12.87,16.01810526,12.89105263,11.80368421,15.434,13.91,13.413
2044-04-01,20.19,16.18,14.64,19.93,14.97,13.36,14.59,12.94,12.73,14.46,12.45,11.93,14.59,12.58,12.11,13.89,11.85,11.52,20.009,15.833,14.31,17.74,15.298,13.969,18.545,14.865,13.595,17.49,14.105,12.87,16.01810526,12.89105263,11.80368421,15.434,13.91,13.413
2044-05-01,20.19,16.18,14.64,19.93,14.97,13.36,14.59,12.94,12.73,14.46,12.45,11.93,14.59,12.58,12.11,13.89,11.85,11.52,20.009,15.833,14.31,17.74,15.298,13.969,18.545,14.865,13.595,17.49,14.105,12.87,16.01810526,12.89105263,11.80368421,15.434,13.91,13.413
2044-06-01,20.19,16.18,14.64,19.93,14.97,13.36,14.59,12.94,12.73,14.46,12.45,11.93,14.59,12.58,12.11,13.89,11.85,11.52,20.009,15.833,14.31,17.74,15.298,13.969,18.545,14.865,13.595,17.49,14.105,12.87,16.01810526,12.89105263,11.80368421,15.434,13.91,13.413
2044-07-01,20.19,16.18,14.64,19.93,14.97,13.36,14.59,12.94,12.73,14.46,12.45,11.93,14.59,12.58,12.11,13.89,11.85,11.52,20.009,15.833,14.31,17.74,15.298,13.969,18.545,14.865,13.595,17.49,14.105,12.87,16.01810526,12.89105263,11.80368421,15.434,13.91,13.413
2044-08-01,20.19,16.18,14.64,19.93,14.97,13.36,14.59,12.94,12.73,14.46,12.45,11.93,14.59,12.58,12.11,13.89,11.85,11.52,20.009,15.833,14.31,17.74,15.298,13.969,18.545,14.865,13.595,17.49,14.105,12.87,16.01810526,12.89105263,11.80368421,15.434,13.91,13.413
2044-09-01,20.19,16.18,14.64,19.93,14.97,13.36,14.59,12.94,12.73,14.46,12.45,11.93,14.59,12.58,12.11,13.89,11.85,11.52,20.009,15.833,14.31,17.74,15.298,13.969,18.545,14.865,13.595,17.49,14.105,12.87,16.01810526,12.89105263,11.80368421,15.434,13.91,13.413
2044-10-01,20.19,16.18,14.64,19.93,14.97,13.36,14.59,12.94,12.73,14.46,12.45,11.93,14.59,12.58,12.11,13.89,11.85,11.52,20.009,15.833,14.31,17.74,15.298,13.969,18.545,14.865,13.595,17.49,14.105,12.87,16.01810526,12.89105263,11.80368421,15.434,13.91,13.413
2044-11-01,20.19,16.18,14.64,19.93,14.97,13.36,14.59,12.94,12.73,14.46,12.45,11.93,14.59,12.58,12.11,13.89,11.85,11.52,20.009,15.833,14.31,17.74,15.298,13.969,18.545,14.865,13.595,17.49,14.105,12.87,16.01810526,12.89105263,11.80368421,15.434,13.91,13.413
2044-12-01,20.19,16.18,14.64,19.93,14.97,13.36,14.59,12.94,12.73,14.46,12.45,11.93,14.59,12.58,12.11,13.89,11.85,11.52,20.009,15.833,14.31,17.74,15.298,13.969,18.545,14.865,13.595,17.49,14.105,12.87,16.01810526,12.89105263,11.80368421,15.434,13.91,13.413
2045-01-01,20.19,16.18,14.64,19.93,14.97,13.36,14.59,12.94,12.73,14.46,12.45,11.93,14.59,12.58,12.11,13.89,11.85,11.52,20.009,15.833,14.31,17.74,15.298,13.969,18.545,14.865,13.595,17.49,14.105,12.87,16.01810526,12.89105263,11.80368421,15.434,13.91,13.413
2045-02-01,20.19,16.18,14.64,19.93,14.97,13.36,14.59,12.94,12.73,14.46,12.45,11.93,14.59,12.58,12.11,13.89,11.85,11.52,20.009,15.833,14.31,17.74,15.298,13.969,18.545,14.865,13.595,17.49,14.105,12.87,16.01810526,12.89105263,11.80368421,15.434,13.91,13.413
2045-03-01,20.19,16.18,14.64,19.93,14.97,13.36,14.59,12.94,12.73,14.46,12.45,11.93,14.59,12.58,12.11,13.89,11.85,11.52,20.009,15.833,14.31,17.74,15.298,13.969,18.545,14.865,13.595,17.49,14.105,12.87,16.01810526,12.89105263,11.80368421,15.434,13.91,13.413
2045-04-01,20.19,16.18,14.64,19.93,14.97,13.36,14.59,12.94,12.73,14.46,12.45,11.93,14.59,12.58,12.11,13.89,11.85,11.52,20.009,15.833,14.31,17.74,15.298,13.969,18.545,14.865,13.595,17.49,14.105,12.87,16.01810526,12.89105263,11.80368421,15.434,13.91,13.413
2045-05-01,20.19,16.18,14.64,19.93,14.97,13.36,14.59,12.94,12.73,14.46,12.45,11.93,14.59,12.58,12.11,13.89,11.85,11.52,20.009,15.833,14.31,17.74,15.298,13.969,18.545,14.865,13.595,17.49,14.105,12.87,16.01810526,12.89105263,11.80368421,15.434,13.91,13.413
2045-06-01,20.19,16.18,14.64,19.93,14.97,13.36,14.59,12.94,12.73,14.46,12.45,11.93,14.59,12.58,12.11,13.89,11.85,11.52,20.009,15.833,14.31,17.74,15.298,13.969,18.545,14.865,13.595,17.49,14.105,12.87,16.01810526,12.89105263,11.80368421,15.434,13.91,13.413
2045-07-01,20.19,16.18,14.64,19.93,14.97,13.36,14.59,12.94,12.73,14.46,12.45,11.93,14.59,12.58,12.11,13.89,11.85,11.52,20.009,15.833,14.31,17.74,15.298,13.969,18.545,14.865,13.595,17.49,14.105,12.87,16.01810526,12.89105263,11.80368421,15.434,13.91,13.413
2045-08-01,20.19,16.18,14.64,19.93,14.97,13.36,14.59,12.94,12.73,14.46,12.45,11.93,14.59,12.58,12.11,13.89,11.85,11.52,20.009,15.833,14.31,17.74,15.298,13.969,18.545,14.865,13.595,17.49,14.105,12.87,16.01810526,12.89105263,11.80368421,15.434,13.91,13.413
2045-09-01,20.19,16.18,14.64,19.93,14.97,13.36,14.59,12.94,12.73,14.46,12.45,11.93,14.59,12.58,12.11,13.89,11.85,11.52,20.009,15.833,14.31,17.74,15.298,13.969,18.545,14.865,13.595,17.49,14.105,12.87,16.01810526,12.89105263,11.80368421,15.434,13.91,13.413
2045-10-01,20.19,16.18,14.64,19.93,14.97,13.36,14.59,12.94,12.73,14.46,12.45,11.93,14.59,12.58,12.11,13.89,11.85,11.52,20.009,15.833,14.31,17.74,15.298,13.969,18.545,14.865,13.595,17.49,14.105,12.87,16.01810526,12.89105263,11.80368421,15.434,13.91,13.413
2045-11-01,20.19,16.18,14.64,19.93,14.97,13.36,14.59,12.94,12.73,14.46,12.45,11.93,14.59,12.58,12.11,13.89,11.85,11.52,20.009,15.833,14.31,17.74,15.298,13.969,18.545,14.865,13.595,17.49,14.105,12.87,16.01810526,12.89105263,11.80368421,15.434,13.91,13.413
2045-12-01,20.19,16.18,14.64,19.93,14.97,13.36,14.59,12.94,12.73,14.46,12.45,11.93,14.59,12.58,12.11,13.89,11.85,11.52,20.009,15.833,14.31,17.74,15.298,13.969,18.545,14.865,13.595,17.49,14.105,12.87,16.01810526,12.89105263,11.80368421,15.434,13.91,13.413
2046-01-01,20.19,16.18,14.64,19.93,14.97,13.36,14.59,12.94,12.73,14.46,12.45,11.93,14.59,12.58,12.11,13.89,11.85,11.52,20.009,15.833,14.31,17.74,15.298,13.969,18.545,14.865,13.595,17.49,14.105,12.87,16.01810526,12.89105263,11.80368421,15.434,13.91,13.413
2046-02-01,20.19,16.18,14.64,19.93,14.97,13.36,14.59,12.94,12.73,14.46,12.45,11.93,14.59,12.58,12.11,13.89,11.85,11.52,20.009,15.833,14.31,17.74,15.298,13.969,18.545,14.865,13.595,17.49,14.105,12.87,16.01810526,12.89105263,11.80368421,15.434,13.91,13.413
2046-03-01,20.19,16.18,14.64,19.93,14.97,13.36,14.59,12.94,12.73,14.46,12.45,11.93,14.59,12.58,12.11,13.89,11.85,11.52,20.009,15.833,14.31,17.74,15.298,13.969,18.545,14.865,13.595,17.49,14.105,12.87,16.01810526,12.89105263,11.80368421,15.434,13.91,13.413
2046-04-01,20.19,16.18,14.64,19.93,14.97,13.36,14.59,12.94,12.73,14.46,12.45,11.93,14.59,12.58,12.11,13.89,11.85,11.52,20.009,15.833,14.31,17.74,15.298,13.969,18.545,14.865,13.595,17.49,14.105,12.87,16.01810526,12.89105263,11.80368421,15.434,13.91,13.413
2046-05-01,20.19,16.18,14.64,19.93,14.97,13.36,14.59,12.94,12.73,14.46,12.45,11.93,14.59,12.58,12.11,13.89,11.85,11.52,20.009,15.833,14.31,17.74,15.298,13.969,18.545,14.865,13.595,17.49,14.105,12.87,16.01810526,12.89105263,11.80368421,15.434,13.91,13.413
2046-06-01,20.19,16.18,14.64,19.93,14.97,13.36,14.59,12.94,12.73,14.46,12.45,11.93,14.59,12.58,12.11,13.89,11.85,11.52,20.009,15.833,14.31,17.74,15.298,13.969,18.545,14.865,13.595,17.49,14.105,12.87,16.01810526,12.89105263,11.80368421,15.434,13.91,13.413
2046-07-01,20.19,16.18,14.64,19.93,14.97,13.36,14.59,12.94,12.73,14.46,12.45,11.93,14.59,12.58,12.11,13.89,11.85,11.52,20.009,15.833,14.31,17.74,15.298,13.969,18.545,14.865,13.595,17.49,14.105,12.87,16.01810526,12.89105263,11.80368421,15.434,13.91,13.413
2046-08-01,20.19,16.18,14.64,19.93,14.97,13.36,14.59,12.94,12.73,14.46,12.45,11.93,14.59,12.58,12.11,13.89,11.85,11.52,20.009,15.833,14.31,17.74,15.298,13.969,18.545,14.865,13.595,17.49,14.105,12.87,16.01810526,12.89105263,11.80368421,15.434,13.91,13.413
2046-09-01,20.19,16.18,14.64,19.93,14.97,13.36,14.59,12.94,12.73,14.46,12.45,11.93,14.59,12.58,12.11,13.89,11.85,11.52,20.009,15.833,14.31,17.74,15.298,13.969,18.545,14.865,13.595,17.49,14.105,12.87,16.01810526,12.89105263,11.80368421,15.434,13.91,13.413
2046-10-01,20.19,16.18,14.64,19.93,14.97,13.36,14.59,12.94,12.73,14.46,12.45,11.93,14.59,12.58,12.11,13.89,11.85,11.52,20.009,15.833,14.31,17.74,15.298,13.969,18.545,14.865,13.595,17.49,14.105,12.87,16.01810526,12.89105263,11.80368421,15.434,13.91,13.413
2046-11-01,20.19,16.18,14.64,19.93,14.97,13.36,14.59,12.94,12.73,14.46,12.45,11.93,14.59,12.58,12.11,13.89,11.85,11.52,20.009,15.833,14.31,17.74,15.298,13.969,18.545,14.865,13.595,17.49,14.105,12.87,16.01810526,12.89105263,11.80368421,15.434,13.91,13.413
2046-12-01,20.19,16.18,14.64,19.93,14.97,13.36,14.59,12.94,12.73,14.46,12.45,11.93,14.59,12.58,12.11,13.89,11.85,11.52,20.009,15.833,14.31,17.74,15.298,13.969,18.545,14.865,13.595,17.49,14.105,12.87,16.01810526,12.89105263,11.80368421,15.434,13.91,13.413
2047-01-01,20.19,16.18,14.64,19.93,14.97,13.36,14.59,12.94,12.73,14.46,12.45,11.93,14.59,12.58,12.11,13.89,11.85,11.52,20.009,15.833,14.31,17.74,15.298,13.969,18.545,14.865,13.595,17.49,14.105,12.87,16.01810526,12.89105263,11.80368421,15.434,13.91,13.413
2047-02-01,20.19,16.18,14.64,19.93,14.97,13.36,14.59,12.94,12.73,14.46,12.45,11.93,14.59,12.58,12.11,13.89,11.85,11.52,20.009,15.833,14.31,17.74,15.298,13.969,18.545,14.865,13.595,17.49,14.105,12.87,16.01810526,12.89105263,11.80368421,15.434,13.91,13.413
2047-03-01,20.19,16.18,14.64,19.93,14.97,13.36,14.59,12.94,12.73,14.46,12.45,11.93,14.59,12.58,12.11,13.89,11.85,11.52,20.009,15.833,14.31,17.74,15.298,13.969,18.545,14.865,13.595,17.49,14.105,12.87,16.01810526,12.89105263,11.80368421,15.434,13.91,13.413
2047-04-01,20.19,16.18,14.64,19.93,14.97,13.36,14.59,12.94,12.73,14.46,12.45,11.93,14.59,12.58,12.11,13.89,11.85,11.52,20.009,15.833,14.31,17.74,15.298,13.969,18.545,14.865,13.595,17.49,14.105,12.87,16.01810526,12.89105263,11.80368421,15.434,13.91,13.413
2047-05-01,20.19,16.18,14.64,19.93,14.97,13.36,14.59,12.94,12.73,14.46,12.45,11.93,14.59,12.58,12.11,13.89,11.85,11.52,20.009,15.833,14.31,17.74,15.298,13.969,18.545,14.865,13.595,17.49,14.105,12.87,16.01810526,12.89105263,11.80368421,15.434,13.91,13.413
2047-06-01,20.19,16.18,14.64,19.93,14.97,13.36,14.59,12.94,12.73,14.46,12.45,11.93,14.59,12.58,12.11,13.89,11.85,11.52,20.009,15.833,14.31,17.74,15.298,13.969,18.545,14.865,13.595,17.49,14.105,12.87,16.01810526,12.89105263,11.80368421,15.434,13.91,13.413
2047-07-01,20.19,16.18,14.64,19.93,14.97,13.36,14.59,12.94,12.73,14.46,12.45,11.93,14.59,12.58,12.11,13.89,11.85,11.52,20.009,15.833,14.31,17.74,15.298,13.969,18.545,14.865,13.595,17.49,14.105,12.87,16.01810526,12.89105263,11.80368421,15.434,13.91,13.413
2047-08-01,20.19,16.18,14.64,19.93,14.97,13.36,14.59,12.94,12.73,14.46,12.45,11.93,14.59,12.58,12.11,13.89,11.85,11.52,20.009,15.833,14.31,17.74,15.298,13.969,18.545,14.865,13.595,17.49,14.105,12.87,16.01810526,12.89105263,11.80368421,15.434,13.91,13.413
2047-09-01,20.19,16.18,14.64,19.93,14.97,13.36,14.59,12.94,12.73,14.46,12.45,11.93,14.59,12.58,12.11,13.89,11.85,11.52,20.009,15.833,14.31,17.74,15.298,13.969,18.545,14.865,13.595,17.49,14.105,12.87,16.01810526,12.89105263,11.80368421,15.434,13.91,13.413
2047-10-01,20.19,16.18,14.64,19.93,14.97,13.36,14.59,12.94,12.73,14.46,12.45,11.93,14.59,12.58,12.11,13.89,11.85,11.52,20.009,15.833,14.31,17.74,15.298,13.969,18.545,14.865,13.595,17.49,14.105,12.87,16.01810526,12.89105263,11.80368421,15.434,13.91,13.413
2047-11-01,20.19,16.18,14.64,19.93,14.97,13.36,14.59,12.94,12.73,14.46,12.45,11.93,14.59,12.58,12.11,13.89,11.85,11.52,20.009,15.833,14.31,17.74,15.298,13.969,18.545,14.865,13.595,17.49,14.105,12.87,16.01810526,12.89105263,11.80368421,15.434,13.91,13.413
2047-12-01,20.19,16.18,14.64,19.93,14.97,13.36,14.59,12.94,12.73,14.46,12.45,11.93,14.59,12.58,12.11,13.89,11.85,11.52,20.009,15.833,14.31,17.74,15.298,13.969,18.545,14.865,13.595,17.49,14.105,12.87,16.01810526,12.89105263,11.80368421,15.434,13.91,13.413
2048-01-01,20.19,16.18,14.64,19.93,14.97,13.36,14.59,12.94,12.73,14.46,12.45,11.93,14.59,12.58,12.11,13.89,11.85,11.52,20.009,15.833,14.31,17.74,15.298,13.969,18.545,14.865,13.595,17.49,14.105,12.87,16.01810526,12.89105263,11.80368421,15.434,13.91,13.413
2048-02-01,20.19,16.18,14.64,19.93,14.97,13.36,14.59,12.94,12.73,14.46,12.45,11.93,14.59,12.58,12.11,13.89,11.85,11.52,20.009,15.833,14.31,17.74,15.298,13.969,18.545,14.865,13.595,17.49,14.105,12.87,16.01810526,12.89105263,11.80368421,15.434,13.91,13.413
2048-03-01,20.19,16.18,14.64,19.93,14.97,13.36,14.59,12.94,12.73,14.46,12.45,11.93,14.59,12.58,12.11,13.89,11.85,11.52,20.009,15.833,14.31,17.74,15.298,13.969,18.545,14.865,13.595,17.49,14.105,12.87,16.01810526,12.89105263,11.80368421,15.434,13.91,13.413
2048-04-01,20.19,16.18,14.64,19.93,14.97,13.36,14.59,12.94,12.73,14.46,12.45,11.93,14.59,12.58,12.11,13.89,11.85,11.52,20.009,15.833,14.31,17.74,15.298,13.969,18.545,14.865,13.595,17.49,14.105,12.87,16.01810526,12.89105263,11.80368421,15.434,13.91,13.413
2048-05-01,20.19,16.18,14.64,19.93,14.97,13.36,14.59,12.94,12.73,14.46,12.45,11.93,14.59,12.58,12.11,13.89,11.85,11.52,20.009,15.833,14.31,17.74,15.298,13.969,18.545,14.865,13.595,17.49,14.105,12.87,16.01810526,12.89105263,11.80368421,15.434,13.91,13.413
2048-06-01,20.19,16.18,14.64,19.93,14.97,13.36,14.59,12.94,12.73,14.46,12.45,11.93,14.59,12.58,12.11,13.89,11.85,11.52,20.009,15.833,14.31,17.74,15.298,13.969,18.545,14.865,13.595,17.49,14.105,12.87,16.01810526,12.89105263,11.80368421,15.434,13.91,13.413
2048-07-01,20.19,16.18,14.64,19.93,14.97,13.36,14.59,12.94,12.73,14.46,12.45,11.93,14.59,12.58,12.11,13.89,11.85,11.52,20.009,15.833,14.31,17.74,15.298,13.969,18.545,14.865,13.595,17.49,14.105,12.87,16.01810526,12.89105263,11.80368421,15.434,13.91,13.413
2048-08-01,20.19,16.18,14.64,19.93,14.97,13.36,14.59,12.94,12.73,14.46,12.45,11.93,14.59,12.58,12.11,13.89,11.85,11.52,20.009,15.833,14.31,17.74,15.298,13.969,18.545,14.865,13.595,17.49,14.105,12.87,16.01810526,12.89105263,11.80368421,15.434,13.91,13.413
2048-09-01,20.19,16.18,14.64,19.93,14.97,13.36,14.59,12.94,12.73,14.46,12.45,11.93,14.59,12.58,12.11,13.89,11.85,11.52,20.009,15.833,14.31,17.74,15.298,13.969,18.545,14.865,13.595,17.49,14.105,12.87,16.01810526,12.89105263,11.80368421,15.434,13.91,13.413
2048-10-01,20.19,16.18,14.64,19.93,14.97,13.36,14.59,12.94,12.73,14.46,12.45,11.93,14.59,12.58,12.11,13.89,11.85,11.52,20.009,15.833,14.31,17.74,15.298,13.969,18.545,14.865,13.595,17.49,14.105,12.87,16.01810526,12.89105263,11.80368421,15.434,13.91,13.413
2048-11-01,20.19,16.18,14.64,19.93,14.97,13.36,14.59,12.94,12.73,14.46,12.45,11.93,14.59,12.58,12.11,13.89,11.85,11.52,20.009,15.833,14.31,17.74,15.298,13.969,18.545,14.865,13.595,17.49,14.105,12.87,16.01810526,12.89105263,11.80368421,15.434,13.91,13.413
2048-12-01,20.19,16.18,14.64,19.93,14.97,13.36,14.59,12.94,12.73,14.46,12.45,11.93,14.59,12.58,12.11,13.89,11.85,11.52,20.009,15.833,14.31,17.74,15.298,13.969,18.545,14.865,13.595,17.49,14.105,12.87,16.01810526,12.89105263,11.80368421,15.434,13.91,13.413
2049-01-01,20.19,16.18,14.64,19.93,14.97,13.36,14.59,12.94,12.73,14.46,12.45,11.93,14.59,12.58,12.11,13.89,11.85,11.52,20.009,15.833,14.31,17.74,15.298,13.969,18.545,14.865,13.595,17.49,14.105,12.87,16.01810526,12.89105263,11.80368421,15.434,13.91,13.413
2049-02-01,20.19,16.18,14.64,19.93,14.97,13.36,14.59,12.94,12.73,14.46,12.45,11.93,14.59,12.58,12.11,13.89,11.85,11.52,20.009,15.833,14.31,17.74,15.298,13.969,18.545,14.865,13.595,17.49,14.105,12.87,16.01810526,12.89105263,11.80368421,15.434,13.91,13.413
2049-03-01,20.19,16.18,14.64,19.93,14.97,13.36,14.59,12.94,12.73,14.46,12.45,11.93,14.59,12.58,12.11,13.89,11.85,11.52,20.009,15.833,14.31,17.74,15.298,13.969,18.545,14.865,13.595,17.49,14.105,12.87,16.01810526,12.89105263,11.80368421,15.434,13.91,13.413
2049-04-01,20.19,16.18,14.64,19.93,14.97,13.36,14.59,12.94,12.73,14.46,12.45,11.93,14.59,12.58,12.11,13.89,11.85,11.52,20.009,15.833,14.31,17.74,15.298,13.969,18.545,14.865,13.595,17.49,14.105,12.87,16.01810526,12.89105263,11.80368421,15.434,13.91,13.413
2049-05-01,20.19,16.18,14.64,19.93,14.97,13.36,14.59,12.94,12.73,14.46,12.45,11.93,14.59,12.58,12.11,13.89,11.85,11.52,20.009,15.833,14.31,17.74,15.298,13.969,18.545,14.865,13.595,17.49,14.105,12.87,16.01810526,12.89105263,11.80368421,15.434,13.91,13.413
2049-06-01,20.19,16.18,14.64,19.93,14.97,13.36,14.59,12.94,12.73,14.46,12.45,11.93,14.59,12.58,12.11,13.89,11.85,11.52,20.009,15.833,14.31,17.74,15.298,13.969,18.545,14.865,13.595,17.49,14.105,12.87,16.01810526,12.89105263,11.80368421,15.434,13.91,13.413
2049-07-01,20.19,16.18,14.64,19.93,14.97,13.36,14.59,12.94,12.73,14.46,12.45,11.93,14.59,12.58,12.11,13.89,11.85,11.52,20.009,15.833,14.31,17.74,15.298,13.969,18.545,14.865,13.595,17.49,14.105,12.87,16.01810526,12.89105263,11.80368421,15.434,13.91,13.413
2049-08-01,20.19,16.18,14.64,19.93,14.97,13.36,14.59,12.94,12.73,14.46,12.45,11.93,14.59,12.58,12.11,13.89,11.85,11.52,20.009,15.833,14.31,17.74,15.298,13.969,18.545,14.865,13.595,17.49,14.105,12.87,16.01810526,12.89105263,11.80368421,15.434,13.91,13.413
2049-09-01,20.19,16.18,14.64,19.93,14.97,13.36,14.59,12.94,12.73,14.46,12.45,11.93,14.59,12.58,12.11,13.89,11.85,11.52,20.009,15.833,14.31,17.74,15.298,13.969,18.545,14.865,13.595,17.49,14.105,12.87,16.01810526,12.89105263,11.80368421,15.434,13.91,13.413
2049-10-01,20.19,16.18,14.64,19.93,14.97,13.36,14.59,12.94,12.73,14.46,12.45,11.93,14.59,12.58,12.11,13.89,11.85,11.52,20.009,15.833,14.31,17.74,15.298,13.969,18.545,14.865,13.595,17.49,14.105,12.87,16.01810526,12.89105263,11.80368421,15.434,13.91,13.413
2049-11-01,20.19,16.18,14.64,19.93,14.97,13.36,14.59,12.94,12.73,14.46,12.45,11.93,14.59,12.58,12.11,13.89,11.85,11.52,20.009,15.833,14.31,17.74,15.298,13.969,18.545,14.865,13.595,17.49,14.105,12.87,16.01810526,12.89105263,11.80368421,15.434,13.91,13.413
2049-12-01,20.19,16.18,14.64,19.93,14.97,13.36,14.59,12.94,12.73,14.46,12.45,11.93,14.59,12.58,12.11,13.89,11.85,11.52,20.009,15.833,14.31,17.74,15.298,13.969,18.545,14.865,13.595,17.49,14.105,12.87,16.01810526,12.89105263,11.80368421,15.434,13.91,13.413
2050-01-01,20.19,16.18,14.64,19.93,14.97,13.36,14.59,12.94,12.73,14.46,12.45,11.93,14.59,12.58,12.11,13.89,11.85,11.52,20.009,15.833,14.31,17.74,15.298,13.969,18.545,14.865,13.595,17.49,14.105,12.87,16.01810526,12.89105263,11.80368421,15.434,13.91,13.413
2050-02-01,20.19,16.18,14.64,19.93,14.97,13.36,14.59,12.94,12.73,14.46,12.45,11.93,14.59,12.58,12.11,13.89,11.85,11.52,20.009,15.833,14.31,17.74,15.298,13.969,18.545,14.865,13.595,17.49,14.105,12.87,16.01810526,12.89105263,11.80368421,15.434,13.91,13.413
2050-03-01,20.19,16.18,14.64,19.93,14.97,13.36,14.59,12.94,12.73,14.46,12.45,11.93,14.59,12.58,12.11,13.89,11.85,11.52,20.009,15.833,14.31,17.74,15.298,13.969,18.545,14.865,13.595,17.49,14.105,12.87,16.01810526,12.89105263,11.80368421,15.434,13.91,13.413
2050-04-01,20.19,16.18,14.64,19.93,14.97,13.36,14.59,12.94,12.73,14.46,12.45,11.93,14.59,12.58,12.11,13.89,11.85,11.52,20.009,15.833,14.31,17.74,15.298,13.969,18.545,14.865,13.595,17.49,14.105,12.87,16.01810526,12.89105263,11.80368421,15.434,13.91,13.413
2050-05-01,20.19,16.18,14.64,19.93,14.97,13.36,14.59,12.94,12.73,14.46,12.45,11.93,14.59,12.58,12.11,13.89,11.85,11.52,20.009,15.833,14.31,17.74,15.298,13.969,18.545,14.865,13.595,17.49,14.105,12.87,16.01810526,12.89105263,11.80368421,15.434,13.91,13.413
2050-06-01,20.19,16.18,14.64,19.93,14.97,13.36,14.59,12.94,12.73,14.46,12.45,11.93,14.59,12.58,12.11,13.89,11.85,11.52,20.009,15.833,14.31,17.74,15.298,13.969,18.545,14.865,13.595,17.49,14.105,12.87,16.01810526,12.89105263,11.80368421,15.434,13.91,13.413
2050-07-01,20.19,16.18,14.64,19.93,14.97,13.36,14.59,12.94,12.73,14.46,12.45,11.93,14.59,12.58,12.11,13.89,11.85,11.52,20.009,15.833,14.31,17.74,15.298,13.969,18.545,14.865,13.595,17.49,14.105,12.87,16.01810526,12.89105263,11.80368421,15.434,13.91,13.413
2050-08-01,20.19,16.18,14.64,19.93,14.97,13.36,14.59,12.94,12.73,14.46,12.45,11.93,14.59,12.58,12.11,13.89,11.85,11.52,20.009,15.833,14.31,17.74,15.298,13.969,18.545,14.865,13.595,17.49,14.105,12.87,16.01810526,12.89105263,11.80368421,15.434,13.91,13.413
2050-09-01,20.19,16.18,14.64,19.93,14.97,13.36,14.59,12.94,12.73,14.46,12.45,11.93,14.59,12.58,12.11,13.89,11.85,11.52,20.009,15.833,14.31,17.74,15.298,13.969,18.545,14.865,13.595,17.49,14.105,12.87,16.01810526,12.89105263,11.80368421,15.434,13.91,13.413
2050-10-01,20.19,16.18,14.64,19.93,14.97,13.36,14.59,12.94,12.73,14.46,12.45,11.93,14.59,12.58,12.11,13.89,11.85,11.52,20.009,15.833,14.31,17.74,15.298,13.969,18.545,14.865,13.595,17.49,14.105,12.87,16.01810526,12.89105263,11.80368421,15.434,13.91,13.413
2050-11-01,20.19,16.18,14.64,19.93,14.97,13.36,14.59,12.94,12.73,14.46,12.45,11.93,14.59,12.58,12.11,13.89,11.85,11.52,20.009,15.833,14.31,17.74,15.298,13.969,18.545,14.865,13.595,17.49,14.105,12.87,16.01810526,12.89105263,11.80368421,15.434,13.91,13.413
2050-12-01,20.19,16.18,14.64,19.93,14.97,13.36,14.59,12.94,12.73,14.46,12.45,11.93,14.59,12.58,12.11,13.89,11.85,11.52,20.009,15.833,14.31,17.74,15.298,13.969,18.545,14.865,13.595,17.49,14.105,12.87,16.01810526,12.89105263,11.80368421,15.434,13.91,13.413
